Days_to_Flowering;Days_to_Maturity;First_Pod_Height_cm;Branch_Number;Plant_Height_cm;Biological_Yield_g;Pod_Number;Pod_Weight_g;Pod_Length_cm;Seeds_per_Pod;Seeds_per_Plant;Single_Plant_Yield_g;Plot_Yield_kg_da;Seed_Weight_100_g;Pod_Filling_Rate;Seed_to_Pod_Ratio;Seed_Unit_Weight;Pod_Length_Yield_Index;Plant_Yield_Ratio;Vegetation_Period_days
48;107;32.0;2.92;78.0;22.53;7.859999999999999;29.520000000000003;7.4;3.1999999999999997;16.5;16.740000000000002;128.63;119.92;3.7509529860228725;2.0965692503176623;1.788007268322229;3.9838056680161946;2.8627700127064806;59
50;110;28.6;3.1;74.0;19.48;8.25;32.510000000000005;8.2;2.8000000000000003;18.7;12.75;132.41;162.47;3.935835351089589;2.263922518159806;1.7375734901122397;3.959805115712547;2.358353510895884;60
47;109;34.6;2.4;82.0;27.51;9.599999999999998;44.52;7.8;3.6;19.0;15.430000000000001;147.26;154.32;4.632674297606661;1.9771071800208122;2.341925302472383;5.700384122919335;2.862643080124871;62
45;110;18.9;1.8391899999999999;68.44149999999999;21.419999999999995;7.2;12.170000000000002;6.119999999999999;2.4000000000000004;13.2;9.36;131.11;108.95;1.6879334257975036;1.8307905686546462;0.9212717638152916;1.985318107667211;2.970873786407766;65
45;110;27.6;3.2000000000000006;64.79999999999998;23.069999999999997;4.6000000000000005;11.89;7.3;2.5999999999999996;9.6;9.03;134.14;137.53;2.579175704989154;2.0824295010845986;1.2372528616024976;1.6265389876880987;5.004338394793925;65
45;110;24.2;2.4;66.0;24.54;5.0;9.95;8.099999999999998;3.6000000000000005;9.599999999999998;7.67;39.27;73.25;1.9860279441117763;1.9161676646706582;1.0353798126951095;1.2268803945745996;4.8982035928143715;65
52;110;37.0;3.4;82.8;33.82;8.2;17.259999999999998;7.4;2.4;17.6;13.41;107.51;110.5;2.10231425091352;2.1437271619975644;0.9801249290176034;2.3292847503373815;4.119366626065774;58
45;111;25.8;3.4;81.4;32.58;6.8;14.84;6.9;2.5999999999999996;10.6;11.06;182.06;142.35;2.1791483113069017;1.5565345080763584;1.3986804901036758;2.1476121562952244;4.784140969162996;66
45;111;51.4;3.6;98.2;45.26;5.6;12.200000000000001;7.7;2.3999999999999995;10.4;9.470000000000002;110.81;139.9;2.1746880570409988;1.8538324420677363;1.1719500480307397;1.582360570687419;8.067736185383245;66
50;111;41.6;3.0;89.4;40.0;9.8;16.0;7.2;2.3999999999999995;14.399999999999997;11.84;145.91;117.98;1.6309887869520896;1.4678899082568804;1.1103400416377518;2.219140083217753;4.077471967380224;61
45;111;45.10000000000001;4.200000000000001;96.4;40.599999999999994;9.8;19.39;6.9;3.0;17.6;13.830000000000002;146.43;110.13;1.9765545361875636;1.7940876656472988;1.1010789324247585;2.806078147612156;4.138634046890926;66
45;111;52.8;4.3999999999999995;96.6;33.3;4.2;11.680000000000001;6.200000000000001;3.0;8.0;10.0;197.96;125.88;2.774346793349169;1.9002375296912115;1.4581772784019977;1.8808373590982286;7.909738717339667;66
45;111;46.599999999999994;3.8;101.40000000000002;49.54;6.0;18.3;7.6;2.8;13.399999999999997;19.48;116.83;138.2;3.0449251247920137;2.229617304492512;1.3646532438478751;2.4047306176084104;8.242928452579035;66
45;106;38.8;2.0;81.6;30.119999999999997;6.599999999999999;18.85;7.5;2.2;15.4;15.4;296.52;151.28;2.851739788199698;2.3298033282904695;1.2232316677482156;2.5099866844207726;4.556732223903178;61
45;106;32.8;3.0;80.4;38.230000000000004;7.25;18.2;8.25;3.25;16.0;14.059999999999997;195.67;133.22;2.5068870523415976;2.203856749311295;1.1367895065584008;2.2033898305084745;5.265840220385676;61
45;105;21.0;2.4000000000000004;59.2;17.699999999999996;5.3999999999999995;11.17;6.599999999999999;3.0;11.6;10.79;186.12;121.26;2.0646950092421443;2.144177449168207;0.9621016365202412;1.6898638426626327;3.271719038817005;60
45;104;20.400000000000002;1.59614;57.0;16.82;11.6;10.619999999999997;6.6;2.6000000000000005;10.6;7.25;178.12;119.71;0.9147286821705425;0.9130060292850991;1.0009425070688027;1.6066565809379725;1.4487510766580536;59
45;104;29.0;3.0;69.6;33.949999999999996;7.2;18.959999999999997;7.6;3.2;17.2;14.830000000000002;189.4;115.93;2.629680998613037;2.3855755894590844;1.1016850668216152;2.491458607095926;4.708737864077669;59
49;104;14.8;2.1999999999999997;69.0;15.84;5.3999999999999995;6.83;6.0;2.8;10.2;5.529999999999999;113.1;110.46;1.2624768946395566;1.8853974121996304;0.6689520078354555;1.1364392678868553;2.9279112754158967;55
45;103;28.200000000000006;2.1999999999999997;70.19999999999999;24.03;8.0;13.86;6.3999999999999995;2.8;15.6;11.290000000000001;177.05;131.22;1.7303370786516854;1.9475655430711611;0.8878923766816144;2.1622464898595943;3.0;58
45;103;26.8;2.2;77.6;22.990000000000002;5.0;13.100000000000003;7.8;2.4000000000000004;13.0;10.72;212.94;126.56;2.614770459081837;2.594810379241517;1.0069177555726367;1.6773367477592835;4.588822355289421;58
50;102;28.399999999999995;3.8;71.20000000000002;31.05;6.6;12.010000000000002;7.2;1.70506;8.6;9.21;73.73;85.42;1.8169440242057493;1.3010590015128594;1.3948896631823464;1.665742024965326;4.697428139183057;52
45;102;23.2;3.8;86.0;45.370000000000005;8.8;10.08;7.1;3.0;14.0;5.67;107.37;96.31;1.1441543700340522;1.5891032917139614;0.7194860813704497;1.417721518987342;5.149829738933031;57
45;106;41.3;2.5999999999999996;88.6;34.39;6.400000000000001;13.190000000000001;7.2;2.8;13.0;10.490000000000002;116.88;102.41;2.0577223088923557;2.0280811232449296;1.013835511145273;1.8294036061026353;5.365054602184086;61
51;106;27.4;2.3999999999999995;74.00000000000001;25.75;7.199999999999998;14.349999999999998;7.4;2.6000000000000005;15.2;11.459999999999999;109.12;112.33;1.9902912621359226;2.108183079056866;0.9434582511505588;1.9365721997300942;3.5714285714285725;55
45;105;27.8;2.8;80.19999999999999;24.03;8.2;12.960000000000003;6.5;3.0;18.4;10.7;304.62;152.67;1.5785627283800248;2.241169305724726;0.703965236284628;1.9907834101382493;2.926918392204629;60
45;105;38.39999999999999;3.6;92.2;42.54;9.0;23.3;8.2;2.8000000000000003;19.2;20.240000000000002;156.23;129.33;2.586015538290788;2.130965593784684;1.212909942738157;2.8380024360535936;4.72142064372919;60
45;107;30.2;2.2;90.19999999999999;31.670000000000005;9.0;15.539999999999997;8.34;3.2;16.200000000000003;11.549999999999999;310.67;147.74;1.724750277469478;1.7980022197558272;0.9586674892041945;1.861077844311377;3.514983351831299;62
45;107;23.2;2.4;89.4;33.58;7.6;18.35;8.4;2.8000000000000003;18.2;14.030000000000001;316.69;156.77;2.411300919842313;2.3915900131406045;1.0076880834706206;2.1819262782401903;4.412614980289093;62
45;106;36.599999999999994;3.6;87.6;39.22;9.2;20.810000000000002;8.3;3.8;16.0;15.95;274.9;144.63;2.2595005428881656;1.737242128121607;1.2998126171143036;2.5042117930204575;4.258414766558089;61
45;107;29.800000000000004;3.0;86.8;40.62;8.8;23.729999999999997;8.1;3.1999999999999997;19.2;18.39;283.1;149.46;2.693530079455164;2.1793416572077184;1.2352941176470587;2.9260172626387173;4.610669693530079;62
45;107;39.60000000000001;2.8;92.6;42.95000000000001;10.2;22.540000000000003;6.9;3.400000000000001;22.399999999999995;18.089999999999996;337.45;151.66;2.2076395690499515;2.1939275220372183;1.0058009817045965;3.261939218523879;4.206660137120472;62
51;106;45.0;3.8;86.0;34.459999999999994;8.2;15.020000000000001;6.1;2.4;13.6;11.68;209.06;144.9;1.829476248477467;1.656516443361754;1.1036002939015432;2.4582651391162034;4.197320341047503;55
49;106;37.6;3.0;76.6;26.839999999999996;6.0;9.76;7.5200000000000005;3.0;10.5;8.65;261.07;126.45;1.6239600665557405;1.7470881863560732;0.928639391056137;1.296148738379814;4.465890183028286;57
45;106;36.6;3.400000000000001;89.6;53.31;10.799999999999999;31.550000000000004;8.2;3.0;21.6;25.04;353.36;164.13;2.9185938945420915;1.9981498612395934;1.4599722350763535;3.8428745432399523;4.93154486586494;61
50;106;29.6;2.4;78.4;39.129999999999995;10.8;23.6;8.5;3.1999999999999997;19.8;17.810000000000002;210.37;126.75;2.183163737280296;1.8316373728029602;1.1913175164058556;2.7732079905992952;3.6197964847363546;56
48;107;38.2;4.2;91.6;46.150000000000006;6.8;20.0;7.7;2.4;13.2;17.04;301.18;148.87;2.9368575624082234;1.9383259911894273;1.514004542013626;2.594033722438392;6.776798825256976;59
49;108;43.800000000000004;4.0;91.2;52.589999999999996;8.400000000000002;25.23;7.74;2.8;17.6;18.919999999999998;253.92;142.51;2.9999999999999996;2.092746730083234;1.432708688245315;3.255483870967742;6.2532699167657535;59
50;110;49.8;4.0;89.6;21.580000000000005;6.3999999999999995;9.809999999999999;5.4;2.4;10.8;7.8;281.47;139.73;1.530421216848674;1.6848673946957882;0.9074930619796483;1.8133086876155264;3.3666146645865846;60
48;110;44.800000000000004;2.8;88.4;38.85;5.800000000000001;15.9;8.04;2.6000000000000005;10.0;10.670000000000002;135.6;117.42;2.7366609294320137;1.7211703958691909;1.5884115884115886;1.975155279503106;6.686746987951807;62
46;109;32.0;3.8;75.0;29.809999999999995;7.2;16.860000000000003;6.82;3.4;15.400000000000002;12.510000000000002;186.7;123.45;2.3384188626907076;2.1359223300970878;1.0940947436729398;2.468521229868229;4.134535367545076;63
50;109;30.6;4.6;68.19999999999999;42.11;14.2;16.849999999999998;6.7;6.82;2.4;10.8;82.45;96.84;1.1857846586910625;0.1688951442646024;6.991701244813278;2.5111773472429206;2.963406052076003;59
52;107;32.6;3.599999999999999;71.0;39.269999999999996;8.2;17.130000000000003;8.6;2.4;17.6;12.080000000000002;102.04;111.66;2.0864799025578566;2.1437271619975644;0.9727427597955707;1.9895470383275267;4.7831912302070645;55
51;106;33.400000000000006;3.2;65.6;22.57;4.0;4.35;5.299999999999999;1.8332600000000003;3.8;2.95;45.84;87.79;1.084788029925187;0.9476309226932669;1.141732283464567;0.8192090395480227;5.628428927680798;55
50;107;38.6;2.8;79.8;34.5;6.6;13.059999999999999;7.4;2.6000000000000005;7.8;8.42;86.89;102.33;1.9757942511346445;1.1800302571860817;1.6722151088348272;1.7624831309041833;5.219364599092285;57
52;109;33.2;3.4;78.6;35.870000000000005;6.400000000000001;17.700000000000003;8.2;2.4;10.4;13.399999999999997;68.71;98.72;2.7613104524180967;1.6224648985959436;1.7002881844380406;2.15590742996346;5.59594383775351;57
48;110;41.2;3.8;84.2;38.51;5.2;16.45;8.7;2.3999999999999995;10.6;12.190000000000001;143.84;134.79;3.1573896353166986;2.034548944337812;1.5504241281809614;1.8886337543053962;7.391554702495201;62
45;107;39.0;4.6;87.20000000000002;34.13000000000001;6.6;18.159999999999997;6.5;3.2000000000000006;15.0;14.48;205.53;129.41;2.7473524962178515;2.2692889561270806;1.2098600932711523;2.789554531490015;5.163388804841151;62
48;109;53.0;4.6;100.39999999999999;45.72;8.6;15.219999999999999;5.92;1.8593799999999998;11.0;10.36;135.7;132.44;1.767711962833914;1.2775842044134729;1.3823796548592189;2.566610455311973;5.310104529616725;61
50;110;40.2;3.0;97.6;40.96;8.2;33.83;9.26;3.3999999999999995;20.4;26.0;381.82;146.47;4.120584652862363;2.484774665042631;1.6575208231259186;3.6494066882416396;4.989037758830695;60
49;110;45.79999999999999;2.4;107.8;32.76;6.4;14.670000000000002;7.9;10.681000000000001;2.4000000000000004;11.010000000000002;220.31;119.87;2.2886115444617787;0.37441497659906403;6.0871369294605815;1.8546144121365362;5.110764430577222;61
46;109;44.8;3.6;99.2;52.17;9.0;22.79;9.9;3.8;14.2;17.290000000000003;251.22;129.74;2.5294117647058822;1.5760266370699223;1.6038001407459537;2.2996972754793137;5.79023307436182;63
47;107;39.6;3.0;91.4;37.42000000000001;6.6;15.469999999999999;8.399999999999999;2.7999999999999994;12.2;10.920000000000002;257.96;140.55;2.3403933434190622;1.8456883509833586;1.266994266994267;1.8394768133174795;5.661119515885025;60
45;108;32.6;2.6000000000000005;97.79999999999998;39.650000000000006;5.6;24.0;10.099999999999998;3.2;14.799999999999997;19.13;198.16;131.22;4.278074866310161;2.638146167557932;1.6205266711681299;2.373887240356084;7.067736185383246;63
48;109;33.599999999999994;3.0;94.0;37.07;6.8;18.619999999999997;7.899999999999999;2.4000000000000004;14.8;14.23;202.64;142.56;2.7342143906020557;2.173274596182085;1.2572586090479403;2.353982300884956;5.443465491923642;61
49;109;56.4;4.0;103.79999999999998;43.28;7.799999999999999;17.27;7.6;14.8;2.8;13.520000000000001;308.48;151.24;2.211267605633803;0.3585147247119079;6.1459074733096095;2.269382391590013;5.541613316261205;60
48;107;37.4;2.2;88.8;36.25;11.4;40.160000000000004;9.3;4.0;34.0;31.359999999999996;348.17;162.46;3.519719544259422;2.9798422436459244;1.1808291678917968;4.313641245972073;3.17703768624014;59
48;107;35.0;3.1999999999999997;95.2;48.80999999999999;16.2;24.79;6.3999999999999995;2.8;29.4;16.610000000000003;263.43;152.47;1.529302899444787;1.8136952498457741;0.842910574634478;3.867394695787832;3.011104256631708;59
46;107;32.6;3.6;87.20000000000002;60.61;16.4;37.290000000000006;8.8;4.0;36.400000000000006;29.26;234.26;161.88;2.2723948811700185;2.218159658744668;1.0241691842900302;4.232690124858117;3.693479585618525;61
46;106;24.6;2.8000000000000003;84.0;47.919999999999995;15.800000000000002;27.860000000000003;7.7;3.1999999999999997;36.8;19.07;194.34;126.47;1.7621758380771664;2.3276407337128395;0.7568595490355884;3.61348897535668;3.030993042378241;60
47;106;29.8;2.6;98.2;58.79;15.0;33.65;7.800000000000002;2.4;40.400000000000006;25.639999999999997;154.8;116.74;2.2418387741505663;2.6915389740173223;0.8327146745854985;4.308578745198463;3.91672218520986;59
45;106;27.6;2.4000000000000004;96.0;38.120000000000005;11.6;14.969999999999999;7.1;2.8;22.6;9.82;86.62;94.55;1.2894056847545219;1.9465977605512492;0.662096417514374;2.1054852320675104;3.28337639965547;61
48;106;39.0;3.6;95.59999999999998;30.889999999999997;6.6;14.290000000000001;8.1;3.0;14.8;10.56;138.27;83.21;2.1618759455370653;2.239031770045386;0.9648885887913572;1.7620221948212087;4.673222390317701;58
46;105;42.199999999999996;3.6;87.20000000000002;32.14;8.399999999999999;13.719999999999999;8.55;2.2;11.399999999999999;9.669999999999998;233.73;106.22;1.6313912009512488;1.3555291319857314;1.2024539877300615;1.6028037383177567;3.821640903686089;59
50;105;35.599999999999994;4.0;88.6;37.61;9.2;16.91;7.6;3.2;14.199999999999998;13.27;121.79;99.42;1.8360477741585235;1.541802388707926;1.1900070372976779;2.2220762155059135;4.083604777415853;55
45;106;38.4;2.4;87.6;31.79;6.200000000000001;18.79;8.2;3.2;17.8;13.429999999999998;230.41;115.28;3.025764895330112;2.86634460547504;1.0550252667040987;2.2886723507917175;5.11916264090177;61
49;106;41.2;3.2;100.6;39.739999999999995;8.600000000000001;18.009999999999998;9.64;2.8;15.6;13.219999999999999;212.72;112.76;2.0917537746806034;1.8118466898954702;1.1537475976937859;1.8663212435233159;4.615563298490127;57
51;106;36.8;4.4;104.0;38.64999999999999;10.2;18.32;7.1;3.0;16.2;13.710000000000003;126.21;106.94;1.794319294809011;1.58667972575906;1.1301665638494756;2.576652601969058;3.7855044074436823;55
48;106;38.8;3.2;90.0;47.519999999999996;10.0;24.759999999999998;7.859999999999999;2.4;21.800000000000004;19.59;168.82;96.52;2.4735264735264733;2.1778221778221782;1.1352590554791375;3.146124523506989;4.747252747252747;58
47;105;31.4;2.8;92.4;47.32000000000001;7.800000000000002;18.97;8.14;2.4;14.0;15.15;264.61;75.31;2.428937259923175;1.7925736235595386;1.3540328336902212;2.32760736196319;6.058898847631242;58
45;107;43.4;3.2;105.40000000000002;56.129999999999995;11.0;29.24;8.919999999999998;3.2;24.6;21.74;351.93;123.87;2.6557674841053585;2.23433242506812;1.1881349045103615;3.274356103023517;5.098092643051771;62
46;107;44.39999999999999;2.6;98.6;75.35;10.0;28.07;8.6;3.4;23.800000000000004;25.23;281.82;142.0;2.804195804195804;2.377622377622378;1.1789164216715662;3.2601626016260163;7.527472527472527;61
45;107;43.0;3.0;98.2;47.32000000000001;13.8;25.440000000000005;7.599999999999999;2.8;24.200000000000003;19.07;310.16;116.89;1.8421433743664015;1.7523533671252718;1.050805452292441;3.3429697766097255;3.426502534395366;62
45;104;30.599999999999994;2.8000000000000003;100.19999999999999;46.660000000000004;11.8;29.870000000000005;8.8;2.8000000000000003;28.8;25.04;413.71;111.78;2.5292125317527523;2.4386113463166805;1.0367927802846235;3.3904653802497164;3.9508890770533447;59
45;105;36.0;3.6;95.4;50.330000000000005;9.4;23.43;8.8;3.6;20.400000000000002;19.48;274.39;112.47;2.48990435706695;2.1679064824654626;1.14796668299853;2.6594778660612937;5.348565356004252;60
46;106;39.8;3.0;93.8;41.73;8.0;20.880000000000003;7.8;2.8;14.2;11.73;238.23;116.87;2.6067415730337085;1.772784019975031;1.4693877551020411;2.6734955185659417;5.209737827715355;60
51;107;43.0;2.4;104.6;38.65;6.8;15.25;6.9;2.8;13.6;13.910000000000002;364.72;103.76;2.2393538913362705;1.9970631424375918;1.1204996326230714;2.206946454413893;5.675477239353891;56
46;107;38.800000000000004;3.8;97.8;26.99;5.0;10.190000000000001;8.6;2.3999999999999995;6.8;7.160000000000001;247.39;119.74;2.033932135728543;1.3572854291417167;1.49632892804699;1.1835075493612082;5.387225548902196;61
45;107;23.8;2.8;70.4;31.7;8.0;18.549999999999997;6.26;2.8000000000000003;17.8;14.879999999999999;217.14;116.77;2.31585518102372;2.2222222222222223;1.0415496911847273;2.9585326953748003;3.957553058676654;62
49;105;29.6;3.8;58.0;32.69;4.800000000000001;12.5;8.2;2.4;8.4;9.15;56.4;82.42;2.5987525987525983;1.7463617463617462;1.4863258026159334;1.5225334957369063;6.7962577962577955;56
47;104;23.4;3.1999999999999993;51.40000000000001;17.68;4.8;10.440000000000001;6.199999999999999;1.8401899999999998;8.0;8.11;32.05;101.65;2.170478170478171;1.6632016632016633;1.3033707865168542;1.6811594202898554;3.675675675675676;57
47;107;31.4;3.8;68.0;38.25;4.2;7.769999999999999;6.300000000000001;1.84686;4.6;5.049999999999999;53.77;119.88;1.8456057007125888;1.0926365795724464;1.6854663774403469;1.2313787638668776;9.085510688836104;60
49;109;34.8;3.0;71.8;44.55;2.8;10.59;8.7;2.8;5.6000000000000005;6.9300000000000015;55.42;100.21;3.768683274021353;1.9928825622775805;1.887700534759358;1.2158438576349024;15.854092526690392;60
50;107;30.6;3.0;60.4;28.74;2.8;8.11;5.9;2.0;5.3999999999999995;5.8;54.43;146.51;2.8861209964412815;1.9217081850533808;1.4990757855822552;1.3722504230118442;10.227758007117439;57
51;106;25.8;3.0;59.2;18.44;4.3999999999999995;7.029999999999999;6.1;1.72857;5.800000000000001;5.35;63.03;130.62;1.5941043083900228;1.3151927437641726;1.209982788296041;1.1505728314238952;4.181405895691611;55
49;107;25.4;3.0;59.0;23.0;3.3999999999999995;2.83;5.0;1.30831;3.0;1.02;44.95;126.85;0.8299120234604107;0.8797653958944284;0.9401993355481728;0.564870259481038;6.744868035190617;58
46;107;33.8;3.4;74.8;68.87;9.0;28.830000000000002;8.100000000000001;2.2;15.4;19.580000000000002;100.77;112.74;3.199778024417314;1.709211986681465;1.8708630759247242;3.5548705302096173;7.6437291897891235;61
45;106;21.800000000000004;2.8;62.2;28.75;5.6;17.939999999999998;7.859999999999999;2.8;12.8;14.190000000000001;208.08;96.25;3.197860962566845;2.2816399286987528;1.4004683840749412;2.2795425667090217;5.124777183600713;61
45;105;20.2;3.0;59.19999999999999;31.26;8.0;18.46;6.3999999999999995;2.6000000000000005;15.600000000000003;15.410000000000002;212.69;100.36;2.304619225967541;1.9475655430711616;1.1825752722613707;2.8798751950078008;3.902621722846442;60
45;106;33.199999999999996;3.6;79.4;41.81;6.400000000000001;10.33;6.400000000000001;2.4000000000000004;9.2;6.51;149.82;74.23;1.6115444617784709;1.4352574102964115;1.1216069489685125;1.6115444617784709;6.5226209048361925;61
46;107;34.2;2.8;86.79999999999998;29.75;5.2;11.37;5.799999999999999;2.4;11.8;8.46;157.32;96.53;2.182341650671785;2.264875239923225;0.9627434377646061;1.9569707401032705;5.710172744721689;61
45;108;36.0;3.8;84.6;34.3;6.8;13.319999999999999;7.2;2.4;14.6;10.479999999999999;133.45;103.62;1.9559471365638765;2.143906020558003;0.9117043121149897;1.8474341192787793;5.036710719530102;63
50;109;32.0;4.0;82.4;45.129999999999995;6.199999999999999;7.85;5.26;2.6000000000000005;9.0;5.42;119.93;89.42;1.2640901771336555;1.4492753623188408;0.8712541620421753;1.4895635673624288;7.26731078904992;59
46;110;47.400000000000006;4.0;80.6;38.9;5.6;11.41;6.0;1.8133400000000002;9.8;8.23;131.2;100.22;2.0338680926916224;1.7468805704099826;1.163098878695209;1.8985024958402663;6.934046345811052;64
50;109;35.6;3.400000000000001;79.6;57.65;8.6;18.509999999999998;6.9;2.1999999999999997;16.0;13.170000000000002;133.58;101.52;2.1498257839721253;1.8583042973286876;1.1561524047470328;2.6787264833574524;6.695702671312428;59
46;108;32.7;2.4000000000000004;75.0;33.209999999999994;8.8;15.430000000000001;5.6;2.4000000000000004;15.0;11.489999999999998;48.46;98.54;1.7514188422247448;1.70261066969353;1.027981345769487;2.7504456327985745;3.769580022701475;62
45;108;36.2;1.8342399999999999;79.0;26.419999999999998;8.8;14.45;6.2;3.0;18.0;11.3;190.61;105.68;1.6401816118047672;2.043132803632236;0.8023320377568016;2.3268921095008053;2.998864926220204;63
45;106;25.2;3.0;84.0;29.130000000000006;9.0;17.0;7.1;3.2;22.0;15.219999999999999;198.73;102.44;1.8867924528301887;2.4417314095449503;0.7723761926397091;2.3909985935302394;3.2330743618202007;61
45;107;32.4;2.8000000000000003;93.6;40.9;10.0;18.97;6.9;3.2;21.2;14.11;228.91;113.41;1.895104895104895;2.1178821178821177;0.8943894389438943;2.745296671490593;4.0859140859140854;62
46;104;31.8;2.5999999999999996;84.20000000000002;31.529999999999994;7.6;17.610000000000003;7.299999999999999;3.0;20.2;14.329999999999998;290.39;100.35;2.3140604467805526;2.654402102496715;0.8713508164275112;2.4090287277701785;4.14323258869908;58
45;107;23.6;3.0;77.2;31.479999999999997;11.600000000000001;16.55;5.700000000000001;2.4000000000000004;19.6;12.129999999999999;270.51;104.25;1.425495262704565;1.6881998277347114;0.8439571647118816;2.898423817863397;2.7114556416881994;62
46;109;35.4;3.8;91.0;47.92;11.799999999999999;26.2;7.2;2.8;23.0;20.15;280.89;126.93;2.218458933107536;1.9475021168501272;1.1386353759235115;3.6338418862690705;4.0575783234547;63
50;108;41.2;4.0;89.4;29.8;3.6;6.38;8.0;2.2;4.0;3.75;176.45;100.8;1.7673130193905817;1.10803324099723;1.5910224438902745;0.7965043695380775;8.254847645429363;58
46;108;28.0;5.6000000000000005;86.40000000000002;60.61999999999999;12.0;27.72;8.0;2.8;20.799999999999997;21.65;166.49;87.42;2.3080766028309743;1.7318900915903412;1.332051898125901;3.460674157303371;5.047460449625311;62
45;107;27.200000000000006;2.4000000000000004;78.8;38.730000000000004;15.2;25.869999999999997;6.6;2.6000000000000005;28.8;19.36;403.76;74.53;1.7008547008547008;1.8934911242603552;0.8979520999652897;3.913767019667171;2.5463510848126236;62
47;108;26.6;3.8;72.8;49.849999999999994;14.6;31.97;7.2;2.8;26.0;22.929999999999996;133.8;89.9;2.188227241615332;1.7796030116358659;1.2291426374471357;4.434119278779473;3.412046543463381;61
48;110;24.2;2.6;83.4;44.85;12.0;24.790000000000003;9.2;3.8000000000000007;25.200000000000003;18.0;244.11;62.3;2.0641132389675274;2.098251457119068;0.9833399444664815;2.6916395222584155;3.7343880099916738;62
45;108;35.2;3.0;77.20000000000002;37.14;10.4;17.31;8.0;3.2000000000000006;17.6;15.51;247.58;78.22;1.6628242074927952;1.6906820365033624;0.9829642248722315;2.1610486891385765;3.5677233429394812;63
51;109;47.8;4.2;91.4;30.93;3.7999999999999994;9.36;6.2;2.2;8.2;7.7;138.51;119.0;2.4566929133858273;2.1522309711286094;1.1400730816077955;1.507246376811594;8.118110236220474;58
50;108;46.4;3.4;97.39999999999999;38.72;8.2;13.95;6.9;2.8;16.6;10.64;151.63;121.74;1.6991473812423874;2.021924482338612;0.8398555087296807;2.0188133140376263;4.716199756394641;58
46;108;49.4;5.0;94.80000000000001;60.06;6.4;17.35;9.1;2.8;12.4;14.220000000000002;199.97;102.33;2.7067082683307335;1.934477379095164;1.3980660757453667;1.9045005488474207;9.369734789391575;62
50;107;51.6;3.2;107.6;35.64;5.8;10.469999999999999;7.700000000000001;2.8000000000000003;9.6;7.119999999999999;183.33;90.88;1.802065404475043;1.6523235800344234;1.0894901144640998;1.3579766536964977;6.134251290877797;57
51;105;55.4;3.0;96.6;25.630000000000003;3.8;8.549999999999999;5.5;2.2;7.599999999999999;6.15;137.83;115.45;2.2440944881889764;1.9947506561679789;1.123521681997372;1.5517241379310343;6.72703412073491;54
48;109;57.59999999999999;3.7999999999999994;98.6;33.68;4.6;14.98;7.300000000000002;2.3999999999999995;10.2;12.04;132.45;114.74;3.2494577006507597;2.2125813449023863;1.46718903036239;2.0492476060191516;7.305856832971801;61
51;109;55.4;3.4;93.4;28.82;7.0;15.319999999999999;6.8;2.4;13.8;12.280000000000001;219.0;110.03;2.1854493580599144;1.9686162624821686;1.1093410572049238;2.2496328928046987;4.111269614835948;58
49;106;35.800000000000004;3.4;84.0;25.199999999999996;7.6;12.53;7.0;2.4;15.4;10.08;196.04;101.28;1.6465177398160316;2.02365308804205;0.8131083711875405;1.7874465049928674;3.3114323258869907;57
48;106;32.3;1.8379299999999996;70.8;20.589999999999996;7.2;12.190000000000001;6.9;2.4;12.0;9.279999999999998;207.85;73.9;1.6907073509015258;1.6643550624133148;1.0149875104079935;1.76410998552822;2.8557558945908457;58
48;108;29.8;2.8;67.8;36.33999999999999;8.8;14.910000000000002;6.0;2.2;13.8;10.299999999999999;179.66;89.74;1.692395005675369;1.5664018161180477;1.0796524257784215;2.4808652246256244;4.124858115777524;60
50;106;32.8;3.0;70.8;31.72;6.6;20.27;6.9;2.8000000000000003;13.2;16.11;52.46;147.33;3.066565809379728;1.9969742813918305;1.53444360333081;2.9334298118668594;4.798789712556732;56
47;108;32.599999999999994;3.6;71.4;28.78;4.8;13.0;7.900000000000001;2.6000000000000005;9.6;9.5;175.13;118.68;2.702702702702703;1.995841995841996;1.352757544224766;1.643489254108723;5.983367983367984;61
46;106;33.2;2.4000000000000004;81.2;38.97;6.6;27.909999999999997;9.899999999999999;3.4;18.599999999999998;21.77;148.22;124.18;4.222390317700453;2.8139183055975794;1.4997313272434174;2.8163471241170535;5.895612708018155;60
45;104;19.0;2.4000000000000004;58.2;23.119999999999997;3.8;15.979999999999999;7.300000000000002;2.8;10.200000000000001;11.59;110.56;118.42;4.194225721784777;2.6771653543307092;1.5651322233104796;2.1860465116279064;6.0682414698162725;59
48;106;33.0;2.8;71.4;23.17;2.8;8.850000000000001;7.2;2.4;5.0;6.42;100.79;138.48;3.1494661921708196;1.7793594306049825;1.7664670658682637;1.2274618585298198;8.24555160142349;58
46;109;26.800000000000004;3.2;70.2;32.24;7.0;20.71;8.32;2.4000000000000004;13.2;15.52;40.22;106.66;2.9543509272467907;1.8830242510699;1.56775170325511;2.4861944777911167;4.599144079885877;63
47;102;22.0;1.8;61.2;22.42;6.6;17.310000000000002;6.8;2.5999999999999996;15.6;13.930000000000001;158.77;94.52;2.6187594553706512;2.3600605143721634;1.108904548366432;2.5418502202643176;3.3918305597579432;55
45;104;22.4;2.6;58.0;23.7;6.0;10.489999999999998;6.200000000000001;2.0;9.0;7.8100000000000005;33.48;52.5;1.7454242928452577;1.497504159733777;1.1642619311875693;1.6892109500805148;3.9434276206322796;59
48;105;18.0;1.8357700000000001;57.8;15.59;4.8;7.35;6.2;2.6;8.599999999999998;5.050000000000001;106.1;101.33;1.5280665280665282;1.7879417879417876;0.8536585365853661;1.183574879227053;3.2411642411642414;57
50;99;27.0;2.0;56.8;14.960000000000003;4.800000000000001;7.359999999999999;7.400000000000001;2.2;6.6;5.3100000000000005;63.69;99.52;1.5301455301455298;1.372141372141372;1.113464447806354;0.9932523616734141;3.1101871101871104;49
48;99;28.8;2.0;68.8;28.960000000000008;8.4;18.18;6.319999999999999;3.2000000000000006;19.799999999999997;14.560000000000002;403.28;89.72;2.1617122473246133;2.354340071343638;0.9177183240787482;2.8720379146919433;3.4435196195005955;51
46;106;28.799999999999994;3.6000000000000005;70.39999999999999;50.2;11.0;27.630000000000003;9.100000000000001;3.2;25.8;20.769999999999996;169.53;106.3;2.5095367847411447;2.343324250681199;1.07051530414568;3.032930845225027;4.559491371480473;60
48;107;28.799999999999994;2.8;89.4;57.14;15.0;25.450000000000003;6.939999999999998;2.4000000000000004;22.199999999999996;16.880000000000003;134.16;119.32;1.6955363091272486;1.4790139906728845;1.145880234128771;3.661870503597124;3.8067954696868753;59
47;107;30.4;3.4;70.2;48.35;11.0;21.04;7.800000000000002;3.0;20.6;15.839999999999998;187.42;112.96;1.9109900090826522;1.87102633969119;1.0208636584182433;2.6939820742637637;4.391462306993643;60
47;107;23.200000000000003;2.3999999999999995;81.39999999999999;49.32000000000001;8.8;22.96;7.6;2.6000000000000005;19.8;16.63;133.23;69.2;2.606129398410897;2.2474460839954595;1.1590106007067138;3.0170827858081477;5.598183881952328;60
50;106;24.599999999999998;4.2;72.0;39.42;7.199999999999998;17.01;7.4;2.3999999999999995;14.400000000000002;13.16;159.46;114.1;2.3592233009708745;1.9972260748959787;1.1804302567661347;2.2955465587044537;5.467406380027741;56
46;106;28.2;3.4;72.0;36.760000000000005;9.799999999999999;11.15;8.0;2.6;20.199999999999996;17.359999999999996;221.37;99.05;1.1365953109072378;2.059123343527013;0.5517070757050966;1.3920099875156056;3.747196738022427;60
50;105;28.4;3.6;72.60000000000001;41.92;14.0;23.71;7.0;2.8;23.799999999999997;17.95;139.06;108.79;1.6923625981441828;1.6987865810135616;0.9958000839983201;3.3823109843081314;2.99214846538187;55
46;104;28.4;3.6;71.4;43.870000000000005;10.600000000000001;26.310000000000002;9.7;2.6;19.0;19.060000000000002;115.24;89.73;2.479736098020735;1.7907634307257303;1.3840084166228301;2.7095777548918645;4.1347785108388315;58
47;105;25.199999999999996;4.0;81.8;35.66;7.0;18.919999999999998;7.300000000000002;2.2;11.4;14.169999999999998;215.99;99.74;2.699001426533523;1.6262482168330956;1.6581945661700261;2.5882352941176463;5.087018544935805;58
46;106;34.2;2.8;74.6;37.83;8.8;21.61;7.6;2.2;16.6;16.22;266.86;126.8;2.452894438138479;1.88422247446084;1.3010234798314266;2.839684625492773;4.2939841089670825;60
49;108;35.2;3.6;89.6;37.72;7.199999999999998;13.790000000000001;8.0;2.4;14.800000000000002;13.1;136.88;116.75;1.9126213592233017;2.0527045769764225;0.9311276164753544;1.721598002496879;5.231622746185854;59
50;108;27.2;2.6;78.4;26.310000000000002;4.6;14.969999999999999;7.600000000000001;3.0;10.599999999999998;11.510000000000002;193.03;109.78;3.247288503253796;2.299349240780911;1.4109330819981152;1.9671484888304858;5.707158351409979;58
50;108;24.8;2.8;87.2;65.74000000000001;6.200000000000001;23.270000000000003;8.58;2.8;12.0;29.129999999999995;33.42;100.75;3.747181964573269;1.9323671497584538;1.9375520399666948;2.7089639115250295;10.586151368760065;58
50;107;24.4;3.6;79.19999999999999;52.85999999999999;9.2;26.48;8.3;3.4;16.799999999999997;19.990000000000002;76.78;87.74;2.87513572204126;1.8241042345276872;1.5752528256989888;3.1865222623345364;5.739413680781759;57
49;104;22.4;3.0;81.8;46.94;8.599999999999998;26.179999999999996;8.8;3.400000000000001;19.8;21.07;205.65;146.08;3.0406504065040654;2.2996515679442515;1.3215547703180208;2.971623155505107;5.451800232288038;55
50;101;25.200000000000003;2.6000000000000005;83.2;77.47;16.200000000000003;43.459999999999994;9.280000000000001;2.4;27.4;30.700000000000006;62.01;73.18;2.6810610734114735;1.6903146206045645;1.5855527179861362;4.678148546824541;4.779148673658234;51
50;100;28.200000000000006;3.599999999999999;80.4;60.129999999999995;7.800000000000002;36.1;11.399999999999999;3.400000000000001;19.200000000000003;26.79;227.75;139.08;4.622279129321382;2.458386683738796;1.8792295679333677;3.1638913234005264;7.699103713188218;50
45;104;36.599999999999994;4.199999999999999;80.6;65.99;12.0;36.339999999999996;8.8;3.2;27.0;29.29;181.1;122.08;3.0258118234804328;2.2481265611990007;1.345427619400222;4.124858115777525;5.49458784346378;59
50;108;30.0;4.0;75.19999999999999;59.25;8.399999999999999;32.44;10.0;3.2;22.0;24.560000000000002;169.28;106.33;3.857312722948871;2.6159334126040434;1.4738755111313038;3.2407592407592407;7.045184304399526;58
50;108;26.4;5.0;78.4;64.92999999999999;12.2;30.26;6.400000000000001;2.4;19.0;22.25;46.18;101.99;2.4782964782964787;1.5561015561015563;1.5917937927406627;4.720748829953197;5.3177723177723175;58
48;108;29.399999999999995;3.8;77.2;29.020000000000003;7.2;14.1;6.4399999999999995;3.4;15.4;11.23;476.12;111.48;1.955617198335645;2.1359223300970873;0.9149902660609993;2.1860465116279073;4.024965325936201;60
47;105;35.8;2.8;77.2;15.399999999999997;3.6;8.07;6.5;2.5999999999999996;7.8;6.540000000000001;302.02;102.89;2.2354570637119116;2.1606648199445986;1.033290653008963;1.23963133640553;4.265927977839334;58
46;101;33.8;3.8;72.4;27.439999999999998;8.2;10.65;7.900000000000001;2.5999999999999996;14.4;10.870000000000001;201.06;111.65;1.2971985383678444;1.7539585870889163;0.7390700902151284;1.3463969658659922;3.3422655298416566;55
46;99;24.2;2.6;62.8;22.700000000000003;7.2;15.539999999999997;8.1;3.0;13.0;11.8;81.58;94.43;2.155339805825242;1.8030513176144245;1.1944657955418907;1.916152897657213;3.1484049930651876;53
50;106;31.8;3.2;73.4;24.67;4.6;12.13;7.4;2.5999999999999996;8.0;8.809999999999999;187.05;118.0;2.6312364425162693;1.7353579175704992;1.5143570536828965;1.6369770580296896;5.351409978308027;56
45;106;31.0;2.4000000000000004;83.6;37.040000000000006;7.6;21.810000000000002;8.5;2.2;12.4;17.009999999999998;245.4;123.45;2.8659658344283843;1.6294349540078845;1.7574536663980662;2.5628672150411282;4.867279894875166;61
45;108;35.2;3.1999999999999997;84.60000000000001;31.630000000000003;7.0;15.790000000000001;7.399999999999999;2.8;11.8;12.24;233.26;133.85;2.2524964336661912;1.6833095577746078;1.3370025402201524;2.130904183535763;4.512125534950072;63
47;108;29.599999999999994;3.4;82.2;57.58;7.0;26.549999999999994;9.3;2.8;15.2;19.03;149.9;123.25;3.7874465049928667;2.168330955777461;1.7455621301775144;2.8517722878625125;8.21398002853067;61
47;101;29.200000000000006;4.6;90.0;105.17;13.0;27.190000000000005;7.4;2.3999999999999995;15.8;20.78;296.96;126.85;2.089930822444274;1.2144504227517294;1.7197975964579382;3.6693657219973015;8.083781706379709;54
50;105;32.1;2.8;79.8;31.059999999999995;6.0;16.46;6.2;3.2;13.8;13.059999999999999;117.79;116.1;2.738768718801997;2.296173044925125;1.1918899348298335;2.6505636070853464;5.168053244592345;55
48;107;42.79999999999999;2.4000000000000004;84.2;13.559999999999999;1.6;3.55;4.800000000000001;1.82911;3.0;3.02;279.28;115.63;2.2049689440993787;1.8633540372670807;1.1794019933554818;0.7380457380457379;8.422360248447204;59
49;106;33.2;2.8000000000000003;71.80000000000001;22.5;5.4;12.03;7.199999999999998;2.5999999999999996;9.4;9.3;164.77;114.42;2.22365988909427;1.7375231053604436;1.2784272051009564;1.6685159500693485;4.1589648798521255;57
50;107;41.2;2.0;82.4;17.11;3.8;8.719999999999999;6.9;2.6;8.0;6.980000000000001;180.06;132.65;2.288713910761155;2.0997375328083994;1.0886392009987516;1.2619392185238782;4.490813648293964;57
50;99;34.2;2.4;60.0;15.86;5.2;5.85;6.6;1.82343;8.2;6.42;66.5;119.64;1.1228406909788866;1.5738963531669865;0.7125456760048722;0.8850226928895613;3.0441458733205375;49
47;106;34.0;3.4;79.0;31.15;7.0;10.72;5.9;2.4;11.200000000000001;7.9;71.38;140.1;1.529243937232525;1.5977175463623396;0.9562890276538805;1.8138747884940778;4.443651925820257;59
48;106;25.8;3.0;65.8;32.01;8.2;16.8;7.600000000000001;2.4;14.4;11.330000000000002;51.77;138.6;2.046285018270402;1.7539585870889163;1.1658570437196392;2.207621550591327;3.8989037758830696;58
50;103;30.600000000000005;3.7999999999999994;63.0;34.92;6.4;16.68;6.1;2.0;9.6;10.7;45.03;160.85;2.6021840873634945;1.4976599063962557;1.7356919875130075;2.7299509001636664;5.4477379095163805;53
45;105;14.899999999999997;3.0;49.199999999999996;24.79;6.2;17.34;7.299999999999999;3.0;16.8;14.609999999999996;49.67;98.76;2.792270531400966;2.7053140096618358;1.0315288518738845;2.372093023255814;3.9919484702093397;60
50;105;16.999999999999996;3.0;54.0;33.910000000000004;6.2;19.549999999999997;8.1;2.6;14.8;15.239999999999998;33.35;46.83;3.148148148148148;2.3832528180354267;1.3200540175557054;2.410604192355117;5.460547504025765;55
51;101;23.4;3.6;51.0;20.92;6.0;10.17;6.0;2.0;8.399999999999999;7.42;54.12;111.6;1.692179700499168;1.3976705490848584;1.2092746730083237;1.692179700499168;3.4808652246256244;50
50;102;19.0;3.0;54.8;33.8;10.399999999999999;20.599999999999998;7.4;2.2;19.199999999999996;15.65;40.39;122.1;1.9788664745437081;1.8443804034582132;1.0723581467985424;2.780026990553306;3.24687800192123;52
51;102;15.8;2.1999999999999997;56.0;23.149999999999995;10.600000000000001;11.75;5.5;2.6;18.0;8.44;39.11;44.58;1.1074458058435437;1.6965127238454287;0.6524153248195447;2.132486388384755;2.1819038642789814;51
46;99;20.200000000000003;2.7999999999999994;55.0;27.139999999999997;7.2;22.24;9.0;3.2;16.799999999999997;18.34;69.06;130.2;3.084604715672677;2.33009708737864;1.323022010707912;2.4683684794672587;3.7642163661581134;53
52;101;23.4;4.6000000000000005;63.8;45.7;12.4;18.89;6.8;2.8;20.0;12.32;60.56;118.75;1.5221595487510073;1.6116035455278002;0.9440279860069964;2.7738619676945673;3.6825141015310234;49
50;99;27.8;5.6;77.0;53.35;9.8;22.270000000000003;7.199999999999998;2.6000000000000005;19.8;16.259999999999998;245.58;149.63;2.27013251783894;2.018348623853211;1.1241797072185764;3.0887656033287114;5.438328236493374;49
50;99;28.2;3.6;74.20000000000002;34.07000000000001;5.6000000000000005;13.2;7.6;2.7999999999999994;9.800000000000002;9.27;256.63;139.73;2.352941176470588;1.7468805704099826;1.3455657492354736;1.7345597897503287;6.073083778966133;49
48;101;31.2;2.7999999999999994;61.8;21.009999999999998;5.0;11.8;7.4;3.2;10.8;9.8;286.53;111.28;2.3552894211576847;2.155688622754491;1.091581868640148;1.5924426450742242;4.193612774451098;53
46;101;33.0;3.0;79.0;32.16;6.800000000000002;19.08;8.2;3.0;13.6;13.830000000000002;146.66;145.83;2.801762114537444;1.9970631424375913;1.40191036002939;2.3239951278928137;4.722466960352421;55
51;103;37.2;4.4;82.4;53.56;1.8;6.709999999999999;5.1000000000000005;1.7400099999999998;3.6;5.34;138.07;135.33;3.7071823204419885;1.988950276243094;1.858725761772853;1.313111545988258;29.591160220994475;52
48;105;40.0;3.4;106.0;61.05999999999999;9.6;27.28;6.3;2.8000000000000003;22.6;21.91;83.3;123.85;2.838709677419355;2.3517169614984392;1.2065457762052187;4.323296354992077;6.353798126951092;57
49;103;32.39999999999999;3.2;84.4;44.88;11.0;22.630000000000003;7.1;2.4;21.6;16.33;306.55;118.73;2.055404178019982;1.9618528610354224;1.0472003701989818;3.182841068917019;4.076294277929156;54
46;106;25.6;2.5999999999999996;77.4;40.39;5.0;17.069999999999997;6.840000000000001;2.8;12.8;13.6;187.57;116.79;3.4071856287425146;2.5548902195608787;1.3325526932084306;2.4919708029197074;8.06187624750499;60
47;101;27.6;3.2;78.19999999999999;47.54999999999999;8.6;21.47;7.9;3.0;22.6;15.63;167.35;152.75;2.493612078977933;2.6248548199767714;0.949579831932773;2.714285714285714;5.522648083623692;54
49;103;30.800000000000004;3.6;73.80000000000001;55.69;9.6;21.060000000000002;7.7;2.5999999999999996;17.6;15.319999999999999;232.32;140.73;2.191467221644121;1.8314255983350678;1.1959114139693354;2.731517509727627;5.795005202913631;54
45;105;29.2;4.2;75.4;49.59;9.599999999999998;24.509999999999998;6.9;2.8000000000000003;17.6;18.67;155.47;125.7;2.5504682622268473;1.8314255983350682;1.3918228279386708;3.547033285094066;5.16024973985432;60
45;103;28.400000000000006;3.1999999999999997;81.60000000000001;47.31;13.2;24.690000000000005;7.2;3.4;20.799999999999997;19.439999999999998;133.54;108.53;1.8690386071158218;1.5745647236941709;1.1864488226814034;3.424410540915396;3.5813777441332326;58
51;101;33.800000000000004;3.1999999999999997;80.80000000000001;41.739999999999995;8.799999999999999;18.71;7.5;2.4;15.0;15.370000000000001;89.16;137.68;2.12372304199773;1.7026106696935304;1.2465023317788142;2.4913448735019976;4.737797956867197;50
49;103;27.2;2.0;81.0;25.119999999999997;7.4;12.649999999999999;7.6;2.8000000000000003;15.399999999999997;10.25;108.76;94.63;1.7071524966261806;2.0782726045883937;0.8208955223880597;1.662286465177398;3.3900134952766527;54
48;103;25.200000000000003;2.8;68.6;21.39;5.199999999999999;16.79;8.0;2.2;11.0;11.879999999999999;59.72;87.62;3.2226487523992327;2.1113243761996165;1.524977293369664;2.0961298377028714;4.105566218809981;55
48;105;28.8;3.2;70.8;27.659999999999997;4.6;12.78;8.299999999999999;2.8;9.2;9.66;112.83;130.28;2.772234273318872;1.9956616052060738;1.3876221498371337;1.5379061371841156;6.0;57
46;104;26.2;2.6;83.6;43.19;7.0;28.579999999999995;10.3;3.8;19.200000000000003;22.040000000000003;96.71;124.0;4.0770328102710405;2.7389443651925824;1.4877667881311811;2.7720659553831224;6.161198288159771;58
47;104;22.599999999999998;2.2;65.8;36.53;9.4;30.520000000000003;9.0;3.1999999999999997;19.4;23.689999999999998;385.96;157.43;3.2433581296493097;2.06163655685441;1.5723853683668214;3.387347391786904;3.8820403825717325;57
48;103;31.8;2.6;67.2;35.230000000000004;7.400000000000001;21.72;7.500000000000002;3.2;16.599999999999998;17.31;308.24;146.58;2.931174089068825;2.24021592442645;1.3076459963877183;2.8921438082556583;4.754385964912281;55
47;99;31.6;2.6;80.4;36.949999999999996;11.599999999999998;20.33;7.3;2.8;22.599999999999998;14.25;417.66;131.23;1.7510766580534025;1.9465977605512492;0.8991596638655461;2.781121751025992;3.18260120585702;52
47;101;30.7;1.5376699999999999;80.4;28.669999999999998;10.2;16.71;6.4;2.8;21.0;12.61;326.88;101.98;1.636630754162586;2.0568070519098924;0.7953355544978582;2.606864274570983;2.8080313418217435;54
48;99;34.2;2.8;78.2;35.91;7.6;22.180000000000003;8.4;3.4;19.0;17.389999999999997;361.66;121.08;2.9145860709592646;2.4967148488830486;1.1667543398211468;2.6373365041617127;4.718791064388962;51
51;99;26.4;3.4;73.4;45.85000000000001;13.6;30.32;7.3;3.2;31.0;24.800000000000004;491.71;118.1;2.227773695811903;2.2777369581190303;0.9777491131892937;4.147742818057456;3.3688464364437922;48
47;101;28.4;3.2;68.6;37.6;12.4;20.470000000000002;8.0;3.0;24.8;15.09;312.14;106.6;1.6494762288477036;1.9983883964544722;0.8250705360741637;2.555555555555556;3.0298146655922644;54
50;101;32.4;3.4;71.2;33.17;2.6;17.67;6.8;8.0;14.4;13.040000000000001;362.76;112.48;6.770114942528736;5.517241379310345;1.226231783483692;2.5947136563876656;12.7088122605364;51
48;99;25.400000000000002;2.8;77.6;31.97;11.4;17.040000000000003;7.400000000000001;2.6;19.400000000000002;12.379999999999999;236.66;92.4;1.493426818580193;1.7002629272567924;0.8778979907264296;2.299595141700405;2.8019281332164767;51
46;101;27.2;2.4000000000000004;72.6;40.019999999999996;13.0;29.75;8.0;3.2;25.4;22.589999999999996;267.28;114.83;2.2867025365103766;1.9523443504996156;1.1707988980716253;3.714107365792759;3.0760953112990004;55
50;103;30.599999999999994;3.0;77.80000000000001;49.16;12.599999999999998;30.53;8.3;3.0;27.2;23.490000000000002;275.72;127.43;2.4210943695479785;2.1570182394924666;1.1220139654538772;3.673886883273165;3.898493259318002;53
46;103;27.0;3.2;68.2;43.97;10.2;28.97;8.6;2.6;18.8;22.02;243.38;144.4;2.8374142997061704;1.8413320274240943;1.5401382243487505;3.364692218350755;4.3065621939275225;57
49;103;36.0;2.8;65.4;32.08;7.8;16.67;8.0;3.6;16.4;11.190000000000001;301.22;119.98;2.1344430217669657;2.0998719590268884;1.015843997562462;2.081148564294632;4.1075544174135725;54
48;105;32.39999999999999;4.0;82.4;51.879999999999995;10.8;18.86;6.0;2.8;17.0;12.149999999999999;192.82;121.35;1.7446808510638296;1.572617946345976;1.1087595532039975;3.1381031613976704;4.799259944495836;57
47;101;29.4;3.6;70.6;43.34;8.6;23.310000000000002;9.799999999999999;3.1999999999999997;15.8;16.97;219.13;128.0;2.7073170731707323;1.8350754936120792;1.47438330170778;2.3761467889908263;5.033681765389083;54
50;101;29.399999999999995;2.8;62.8;30.65;6.6;18.6;8.4;2.6;13.2;13.63;210.01;135.08;2.81391830559758;1.9969742813918305;1.4080242240726724;2.211652794292509;4.636913767019667;51
45;111;30.2;3.8;67.2;35.92;6.6;17.72;7.5;2.6;14.4;13.45;122.5;142.78;2.680786686838124;2.1785173978819974;1.2297015961138098;2.359520639147803;5.434190620272315;66
46;104;31.0;2.4000000000000004;65.2;22.550000000000004;3.7999999999999994;7.539999999999999;7.1;1.6173000000000002;4.6;4.97;106.3;138.65;1.9790026246719161;1.2073490813648295;1.6355748373101953;1.060478199718706;5.918635170603677;58
48;109;30.399999999999995;4.4;81.19999999999999;49.1;7.6;17.39;9.100000000000001;2.3999999999999995;8.600000000000001;11.34;131.0;122.2;2.28515111695138;1.1300919842312749;2.019744483159117;1.9088913282107571;6.4520367936925105;61
50;106;35.599999999999994;3.4;79.6;41.81;8.6;10.74;6.9;2.2;9.2;6.51;149.82;74.62;1.2473867595818817;1.0685249709639952;1.1661237785016287;1.5542691751085385;4.855981416957027;56
48;108;32.699999999999996;2.4;75.0;29.75;8.41;11.779999999999998;5.6;2.4;11.8;8.46;157.32;96.21;1.3990498812351542;1.4014251781472684;0.9974597798475865;2.09982174688057;3.5332541567695963;60
50;106;36.199999999999996;1.8;79.0;24.79;7.619999999999999;17.61;6.2;3.0;16.799999999999997;14.61;49.67;98.85;2.307994757536042;2.2018348623853212;1.0475907198096372;2.835748792270531;3.249017038007864;56
45;109;28.2;3.6;74.2;33.910000000000004;5.6;19.42;7.6;2.8;14.8;15.24;33.35;46.74;3.461675579322639;2.6381461675579327;1.311276164753545;2.551905387647832;6.044563279857399;64
45;105;31.199999999999996;2.8;61.8;29.21;5.0;10.219999999999999;7.399999999999999;3.2;7.489999999999999;11.22;212.76;141.48;2.0399201596806384;1.4950099800399201;1.3626666666666667;1.3792172739541162;5.830339321357286;60
49;110;33.0;3.0;79.0;44.42;6.8;21.689999999999998;8.200000000000001;3.0;15.0;15.4;191.9;136.85;3.1850220264317177;2.2026431718061676;1.4450366422385075;2.641900121802679;6.522760646108664;61
46;106;30.0;2.8;68.0;31.050000000000004;9.36;12.009999999999998;7.2299999999999995;2.2;8.6;9.21;73.73;85.42;1.2817502668089646;0.9178228388473854;1.394889663182346;1.6588397790055247;3.3137673425827114;60
47;104;28.8;2.8;64.4;45.370000000000005;8.24;10.08;8.160000000000002;3.6;14.0;5.670000000000001;107.37;96.31;1.221818181818182;1.696969696969697;0.7194860813704497;1.2337821297429619;5.49939393939394;57
47;104;38.800000000000004;4.199999999999999;74.6;37.19;6.2;13.320000000000002;7.400000000000001;2.4000000000000004;10.0;9.05;166.37;125.08;2.1449275362318843;1.6103059581320451;1.330669330669331;1.7975708502024292;5.988727858293076;57
40;107;34.60000000000001;3.0;70.0;53.9;10.8;27.419999999999998;8.099999999999998;2.6;20.0;20.200000000000003;140.84;106.58;2.5365402405180384;1.8501387604070305;1.3703148425787104;3.381011097410605;4.986123959296947;67
45;111;23.3;3.6;69.4;55.339999999999996;9.2;30.57;7.9;2.4;18.799999999999997;20.660000000000004;186.56;95.8;3.3192182410423454;2.041259500542888;1.6251993620414675;3.8647281921618206;6.008686210640608;66
46;102;28.8;3.7999999999999994;62.8;33.510000000000005;11.2;13.85;5.7;1.8;10.2;9.04;193.4;120.38;1.2355040142729707;0.9099018733273863;1.356513222331048;2.425569176882662;2.989295272078502;56
45;109;28.4;2.4;64.0;29.72;6.4;16.630000000000003;7.3;2.4;12.399999999999999;12.6;185.88;105.38;2.594383775351014;1.9344773790951635;1.3400483481063663;2.2749658002735984;4.636505460218409;64
50;103;28.2;2.8;60.4;23.310000000000002;5.8;13.49;7.32;2.6000000000000005;10.799999999999999;10.309999999999999;190.26;106.18;2.321858864027539;1.8588640275387263;1.2479185938945423;1.840381991814461;4.012048192771085;53
47;103;32.8;3.6;71.8;54.480000000000004;5.4;19.509999999999998;8.8;2.2;9.8;12.829999999999998;210.73;114.58;3.606284658040665;1.811460258780037;1.9887869520897041;2.2145289443813843;10.070240295748615;56
45;105;19.6;3.2;62.20000000000001;42.37;8.8;30.78;8.0;3.7999999999999994;19.8;27.97;152.22;102.85;3.493757094211124;2.2474460839954595;1.553760726905603;3.842696629213483;4.809307604994324;60
49;103;29.799999999999994;2.8;72.4;41.39;9.2;30.0;7.599999999999999;3.0;21.0;27.830000000000005;308.5;109.0;3.257328990228013;2.2801302931596092;1.4278914802475011;3.9421813403416563;4.494028230184583;54
46;101;27.2;2.6;64.6;31.600000000000005;8.8;18.910000000000004;9.3;2.6;12.2;12.850000000000003;344.49;105.58;2.146424517593644;1.3847900113507376;1.5487305487305492;2.0311493018259936;3.5868331441543706;55
48;103;27.8;2.4;61.40000000000001;27.45;7.8;16.869999999999997;7.700000000000001;2.3999999999999995;12.8;12.34;341.65;132.18;2.1600512163892445;1.6389244558258644;1.3169398907103822;2.1880674448767827;3.5147247119078107;55
51;101;29.8;2.4;64.6;26.18;9.6;16.56;7.4;2.6;14.4;12.64;28.0;115.15;1.7232049947970864;1.49843912591051;1.1492019430950728;2.234817813765182;2.7242455775234133;50
50;108;26.8;2.4;63.20000000000001;28.479999999999997;5.199999999999999;16.18;10.4;3.0;11.6;11.8;145.22;135.53;3.1055662188099813;2.226487523992323;1.3936261843238589;1.5542747358309317;5.466410748560461;58
49;103;29.8;3.1999999999999997;61.0;21.68;4.75;9.22;6.5;2.0;7.0;6.5200000000000005;61.34;111.8;1.9369747899159666;1.4705882352941178;1.3152639087018547;1.416282642089094;4.554621848739496;54
49;107;25.199999999999996;3.4;60.40000000000001;31.27;7.4;17.740000000000002;7.199999999999998;2.8;17.0;13.95;79.88;118.35;2.3940620782726048;2.294197031039136;1.0429159318048207;2.4604715672676845;4.219973009446694;58
50;101;28.0;3.4;64.8;28.71;7.8;17.810000000000002;6.9;2.4;14.6;14.339999999999998;61.07;90.18;2.280409731113957;1.8693982074263764;1.2190280629705683;2.5774240231548484;3.6760563380281694;51
49;105;26.0;2.5999999999999996;57.2;22.060000000000002;5.6;13.98;6.6;2.4;11.6;11.459999999999999;144.24;127.48;2.4919786096256686;2.0677361853832443;1.2041343669250646;2.114977307110439;3.9322638146167566;56
48;109;33.2;2.8000000000000003;77.0;24.19;5.2;13.77;8.2;2.8000000000000003;10.4;10.440000000000001;184.46;134.73;2.6429942418426102;1.99616122840691;1.3227665706051872;1.677222898903776;4.642994241842611;61
50;103;34.400000000000006;2.6;63.8;19.729999999999997;5.599999999999999;9.540000000000001;5.2;2.4000000000000004;12.399999999999999;7.5;60.46;91.3;1.7005347593582893;2.2103386809269163;0.7687348912167609;1.831094049904031;3.516934046345811;53
47;109;32.00000000000001;2.0;62.0;15.950000000000003;4.6;9.36;7.0;2.0;9.6;7.489999999999999;127.31;96.58;2.030368763557484;2.082429501084599;0.9739854318418314;1.3352353780313837;3.4598698481561834;62
50;109;23.0;2.5999999999999996;68.0;19.9;3.6000000000000005;8.36;7.6;2.0;6.2;5.790000000000001;58.42;93.4;2.31578947368421;1.7174515235457062;1.3462157809983897;1.0985545335085414;5.512465373961218;59
48;105;32.2;2.6;68.8;21.89;5.4;10.899999999999999;6.8;2.8;10.2;9.940000000000001;60.22;98.88;2.0147874306839184;1.8853974121996302;1.067580803134182;1.6005873715124814;4.046210720887246;57
45;104;23.199999999999996;2.0;69.0;19.18;5.6;11.1;6.8;2.6;10.2;8.969999999999999;250.89;124.53;1.9786096256684493;1.8181818181818183;1.0871694417238003;1.6299559471365639;3.418894830659537;59
50;106;28.2;3.1999999999999997;68.19999999999999;26.689999999999998;7.6;13.36;6.900000000000001;2.4;14.2;10.88;122.68;77.6;1.7555847568988174;1.8659658344283838;0.94018296973962;1.9334298118668594;3.507227332457293;56
51;106;33.6;2.6000000000000005;61.8;19.060000000000002;3.8;9.190000000000001;6.0;3.2;9.0;7.399999999999999;93.05;98.63;2.4120734908136487;2.362204724409449;1.0199778024417316;1.529118136439268;5.002624671916012;55
45;104;24.0;2.2;59.20000000000001;22.99;9.6;15.710000000000003;7.3;3.0;18.8;12.14;176.77;113.1;1.6347554630593135;1.9562955254942769;0.8351940457203616;2.1491108071135434;2.392299687825182;59
49;103;28.0;2.5999999999999996;62.8;26.5;6.0;12.26;6.9;1.82226;9.6;8.43;45.82;146.54;2.0399334442595674;1.5973377703826954;1.2757544224765869;1.7742402315484804;4.409317803660566;54
45;103;21.0;1.8;50.6;14.870000000000001;5.8;10.309999999999999;6.6;2.4;13.0;8.419999999999998;148.25;95.25;1.774526678141136;2.2375215146299485;0.7924673328209069;1.5597579425113464;2.5593803786574876;58
48;107;42.2;2.2;85.19999999999999;29.49;5.8;12.58;7.0;2.0;10.0;8.61;291.75;126.25;2.1652323580034425;1.721170395869191;1.2567432567432568;1.7945791726105564;5.075731497418245;59
50;109;34.599999999999994;3.4;80.4;49.48;12.0;18.82;10.0;3.7999999999999994;20.0;11.2;128.17;132.28;1.5670274771024146;1.6652789342214822;0.9405297351324338;1.8801198801198802;4.119900083263946;59
49;106;40.6;2.4;85.6;39.209999999999994;8.2;18.97;9.3;3.0;19.599999999999998;12.4;389.79;126.98;2.310596833130329;2.387332521315469;0.9673635900050994;2.0375939849624056;4.775883069427527;57
48;105;37.4;2.8;81.2;48.69;8.799999999999999;26.589999999999996;8.080000000000002;3.2;22.6;21.83;420.85;122.0;3.018161180476731;2.5652667423382525;1.1760283060592656;3.286773794808404;5.526674233825199;57
47;105;32.6;2.8000000000000003;80.8;39.43;8.8;24.1;7.0;3.0;22.200000000000003;18.509999999999998;390.05;145.23;2.735527809307605;2.519863791146425;1.085096803241783;3.437945791726106;4.475595913734392;58
45;103;26.9;2.2;71.6;25.899999999999995;8.2;18.13;7.199999999999998;3.4;20.4;14.320000000000002;425.73;143.25;2.208282582216809;2.484774665042631;0.8882900538951494;2.514563106796117;3.1546894031668695;58
50;109;40.2;3.2;88.0;44.5;7.2;23.32;8.3;3.2;14.0;16.999999999999996;348.43;136.35;3.234396671289875;1.941747572815534;1.6645253390435404;2.806257521058965;6.171983356449376;59
45;108;28.2;2.4000000000000004;72.6;21.099999999999998;4.4;9.86;6.9;3.0;8.4;7.7700000000000005;306.33;112.95;2.2358276643990926;1.9047619047619049;1.1724137931034482;1.426917510853835;4.784580498866212;63
45;106;28.799999999999994;2.8;69.4;25.59;7.200000000000001;17.07;8.3;3.4;16.4;13.339999999999998;252.75;115.35;2.36754507628294;2.2746185852981964;1.040219378427788;2.0541516245487363;3.5492371705963937;61
47;105;26.799999999999994;3.2000000000000006;66.6;35.25;12.4;21.92;7.2;2.8;23.800000000000004;15.760000000000002;265.98;118.45;1.7663174858984692;1.9178082191780825;0.9206215875682485;3.040221914008322;2.8404512489927476;58
47;103;23.200000000000003;2.5999999999999996;64.8;34.22;9.4;23.73;7.0;2.6;19.2;39.11;375.55;133.35;2.5217853347502657;2.0403825717321995;1.2352941176470589;3.385164051355207;3.636556854410202;56
49;106;26.8;3.0;65.0;27.670000000000005;7.800000000000002;14.529999999999998;6.1;2.5999999999999996;11.8;11.330000000000002;204.47;124.55;1.8604353393085782;1.5108834827144684;1.2303132938187973;2.378068739770867;3.5428937259923177;57
50;105;39.2;3.2;77.0;32.480000000000004;6.200000000000001;15.719999999999999;6.800000000000002;2.6;13.0;17.809999999999995;105.92;118.03;2.531400966183574;2.093397745571658;1.2083013066871637;2.3083700440528627;5.230273752012883;55
50;107;35.6;3.0;80.8;35.040000000000006;8.0;17.32;8.5;2.4;15.0;13.209999999999999;124.16;143.15;2.1622971285892634;1.8726591760299627;1.1538974017321786;2.0352526439482963;4.374531835205993;57
51;103;34.4;3.8;67.0;26.93;6.3999999999999995;13.73;6.6;2.4;11.6;10.61;164.37;142.45;2.1419656786271455;1.809672386895476;1.1826012058570199;2.077155824508321;4.201248049921998;52
50;104;30.0;2.5999999999999996;63.6;28.639999999999997;6.4;17.4;8.3;3.2;13.0;13.52;382.17;123.8;2.7145085803432134;2.0280811232449296;1.3374327440430438;2.093862815884476;4.468018720748829;54
46;104;38.2;2.8;78.6;27.79;5.3999999999999995;13.09;9.100000000000001;2.6000000000000005;11.0;9.219999999999999;216.44;126.75;2.4195933456561924;2.0332717190388174;1.1889191643960035;1.4368825466520305;5.136783733826248;58
51;104;37.0;3.400000000000001;68.79999999999998;30.68;5.800000000000001;16.47;7.6;3.8;12.0;12.780000000000001;110.11;120.4;2.834767641996557;2.065404475043029;1.3713572023313905;2.164257555847569;5.280550774526677;53
48;103;33.8;2.8;70.6;28.440000000000005;5.8;14.36;7.6;2.2;12.4;11.280000000000001;105.36;117.35;2.4716006884681585;2.1342512908777973;1.1571313456889605;1.8869908015768726;4.895008605851981;55
50;103;34.800000000000004;3.4;65.20000000000002;21.259999999999998;3.7999999999999994;12.0;7.24;2.6000000000000005;13.2;8.79;125.32;131.13;3.149606299212599;3.4645669291338588;0.9084027252081757;1.6551724137931034;5.580052493438321;53
47;101;27.2;2.8;66.0;30.140000000000004;8.399999999999999;20.229999999999997;7.580000000000001;3.4;19.799999999999997;16.33;163.71;132.68;2.4054696789536267;2.3543400713436387;1.0212014134275618;2.6653491436100123;3.58382877526754;54
47;101;28.6;3.0;65.39999999999999;32.98;9.4;21.619999999999997;7.1;2.7999999999999994;20.2;17.23;191.47;128.35;2.2975557917109457;2.146652497343252;1.069767441860465;3.040787623066104;3.504782146652497;54
50;104;38.199999999999996;3.2;83.6;52.33;8.8;28.229999999999997;9.8;3.8;18.200000000000003;21.070000000000004;301.0;153.95;3.2043132803632233;2.06583427922815;1.550247116968698;2.877675840978593;5.9398410896708285;54
49;102;28.600000000000005;3.4;71.0;33.379999999999995;7.6;20.630000000000003;7.4;3.0;15.2;16.4;111.95;131.68;2.710906701708279;1.997371879106439;1.3563445101906644;2.784075573549258;4.386333771353482;53
51;109;36.7;3.8;79.0;28.090000000000003;3.8;10.14;7.3;2.0;5.8;7.299999999999999;219.5;167.33;2.6614173228346463;1.5223097112860893;1.74526678141136;1.3871409028727772;7.372703412073492;58
51;110;33.8;3.0;79.6;41.089999999999996;8.2;25.22;8.5;2.8000000000000003;16.4;19.339999999999996;154.73;160.15;3.071863580998782;1.9975639464068211;1.5368677635588055;2.9635722679200938;5.004872107186358;59
49;111;26.6;3.1999999999999997;70.0;32.3;5.8;17.35;8.04;2.8;12.4;12.940000000000001;162.24;161.55;2.986230636833047;2.1342512908777973;1.3980660757453667;2.1552795031055907;5.559380378657487;62
48;110;27.8;2.7999999999999994;63.999999999999986;24.98;6.2;16.249999999999996;6.599999999999999;2.8000000000000003;13.8;12.920000000000002;121.39;113.25;2.616747181964573;2.2222222222222223;1.1766835626357708;2.4583963691376702;4.022544283413849;62
50;108;32.0;3.6;86.4;36.46;7.600000000000001;15.029999999999998;7.900000000000001;2.2000000000000006;10.6;10.71;215.7;157.38;1.9750328515111688;1.3929040735873848;1.4165881244109328;1.9001264222503156;4.791064388961892;58
47;109;38.199999999999996;2.8;79.60000000000001;19.490000000000002;10.600000000000001;18.68;7.700000000000001;2.2;12.8;12.64;326.14;141.55;1.7606032045240336;1.2064090480678604;1.4582357533177204;2.4228274967574577;1.8369462770970781;62
47;109;28.0;2.0;70.6;35.599999999999994;7.2;26.22;8.399999999999999;3.2;16.6;21.15;115.29;158.03;3.6366158113730926;2.302357836338419;1.578567128236002;3.1177170035671824;4.9375866851595;62
46;106;32.0;2.8;76.79999999999998;38.089999999999996;8.2;26.119999999999997;9.099999999999998;3.4;20.0;20.95;306.57;163.23;3.1814859926918393;2.43605359317905;1.3053473263368314;2.8671789242590564;4.6394640682095005;60
48;104;37.400000000000006;3.0;74.6;54.5;12.8;38.260000000000005;8.4;3.2;24.199999999999996;29.7;166.92;165.7;2.986729117876659;1.889149102263856;1.5803387030152833;4.549346016646849;4.254488680718189;56
49;109;33.0;2.5999999999999996;79.8;44.21;6.6;31.729999999999997;10.600000000000001;3.4;20.199999999999996;25.689999999999998;312.82;167.63;4.800302571860817;3.0559757942511343;1.570014844136566;2.990574929311969;6.688350983358548;60
47;107;31.8;3.2;84.6;38.63;7.0;18.2;6.7;3.0;13.4;14.539999999999997;358.77;133.45;2.5962910128388015;1.9115549215406562;1.3571961222967934;2.712369597615499;5.510699001426534;60
48;105;29.4;2.8;68.39999999999999;30.660000000000004;9.8;17.520000000000003;6.5;2.4;18.200000000000003;13.8;279.76;123.9;1.7859327217125385;1.8552497451580023;0.9621087314662273;2.691244239631337;3.125382262996942;57
49;104;25.399999999999995;2.8;61.6;35.84;8.6;26.25;8.7;3.2;22.4;21.77;344.91;139.6;3.048780487804878;2.6016260162601625;1.1713520749665327;3.013777267508611;4.162601626016261;55
51;103;21.999999999999996;2.5999999999999996;71.0;31.57;8.2;24.849999999999998;8.2;2.8;23.2;18.83;304.18;131.13;3.0267965895249698;2.825822168087698;1.070659198621284;3.0267965895249698;3.845310596833131;52
48;103;26.8;3.2;74.0;36.82;12.600000000000001;21.339999999999996;9.0;3.6;21.6;16.52;306.94;125.88;1.6923076923076918;1.7129262490087231;0.9875057843590928;2.3684794672586014;2.9199048374306105;55
45;106;34.4;3.0;73.19999999999999;36.28;11.4;18.779999999999998;7.3;2.5999999999999996;23.200000000000003;14.51;233.53;123.15;1.6459246275197192;2.03330411919369;0.8091339939681169;2.5690834473324213;3.1796669588080633;61
47;103;25.0;1.8;76.2;12.43;5.0;6.95;6.299999999999999;2.8;10.0;5.01;92.32;116.68;1.3872255489021956;1.9960079840319362;0.6943056943056943;1.1014263074484947;2.4810379241516967;56
50;111;27.4;2.4000000000000004;71.79999999999998;20.8;7.2;14.0;7.1;2.6;11.94;9.07;120.13;102.23;1.941747572815534;1.6560332871012482;1.1715481171548119;1.969057665260197;2.884882108183079;61
47;107;33.6;3.2000000000000006;71.79999999999998;27.109999999999996;5.4;11.040000000000003;8.200000000000001;2.6;8.0;7.489999999999999;211.75;118.6;2.040665434380777;1.478743068391867;1.378277153558053;1.3447015834348357;5.011090573012938;60
51;104;29.6;3.0;61.2;32.35000000000001;6.8;20.82;7.600000000000001;2.2;15.8;16.6;159.06;155.85;3.0572687224669606;2.3201174743024966;1.316888045540797;2.7358738501971085;4.750367107195302;53
49;104;24.2;2.4;54.8;19.380000000000003;5.6;10.71;7.899999999999999;3.8;14.6;10.1;231.02;131.38;1.9090909090909094;2.6024955436720143;0.7330595482546202;1.353982300884956;3.4545454545454555;55
51;105;41.2;2.6000000000000005;76.0;23.28;6.8;10.419999999999998;6.1;2.0;8.4;7.540000000000001;167.77;128.45;1.5301027900146842;1.2334801762114538;1.2390011890606418;1.7054009819967266;3.418502202643172;54
47;108;31.8;2.0;69.0;21.95;4.6;11.24;6.9;2.8;9.0;9.01;171.65;128.3;2.438177874186551;1.9522776572668115;1.2475027746947835;1.6266280752532563;4.761388286334057;61
47;105;29.8;2.0;60.0;19.8;3.6;10.780000000000001;8.400000000000002;3.4;8.8;8.929999999999998;188.02;123.0;2.986149584487535;2.437673130193906;1.2236095346197504;1.2818073721759808;5.484764542936288;58
47;106;33.599999999999994;2.4000000000000004;73.0;29.45;7.0;18.57;7.6;3.2;16.799999999999997;14.739999999999998;334.32;137.13;2.6490727532097007;2.396576319543509;1.1046995835812017;2.4402102496714853;4.20114122681883;59
48;105;35.199999999999996;3.0;66.4;29.910000000000004;7.0;19.71;8.8;3.4;17.6;15.540000000000001;214.63;128.1;2.81169757489301;2.510699001426534;1.119250425894378;2.2372304199772985;4.26676176890157;57
45;103;33.6;2.8;75.0;30.29;6.6;17.33;7.0;3.2;14.6;13.720000000000002;281.91;123.55;2.62178517397882;2.2087745839636916;1.1861738535249828;2.4721825962910127;4.582450832072618;58
47;105;30.7;3.0;65.2;28.139999999999997;8.600000000000001;18.769999999999996;7.999999999999998;3.2000000000000006;17.8;14.280000000000001;242.14;114.7;2.180023228803716;2.067363530778165;1.0539023020774843;2.3433208489388266;3.2682926829268286;58
45;106;27.0;3.0;53.2;16.919999999999998;5.4;10.48;7.1;2.2;10.2;8.52;319.43;131.2;1.9371534195933457;1.8853974121996302;1.0264446620959844;1.4739803094233477;3.127541589648798;61
48;106;22.6;7.8;53.8;13.65;4.0;8.67;6.7;2.8;9.2;7.159999999999999;132.34;138.05;2.1620947630922696;2.29426433915212;0.9413680781758959;1.292101341281669;3.4039900249376562;58
47;107;27.8;2.2;67.99999999999999;49.29;6.4;15.05;8.2;3.6;14.4;10.94;232.08;120.25;2.3478939157566305;2.2464898595943836;1.0444136016655101;1.8331303288672354;7.689547581903276;60
50;105;22.8;2.5999999999999996;55.0;24.149999999999995;5.800000000000001;14.309999999999997;7.5;2.8;12.400000000000002;11.440000000000001;187.84;141.75;2.4629948364888117;2.1342512908777973;1.1531023368251405;1.9054593874833552;4.156626506024095;55
49;105;30.0;2.8000000000000003;68.0;27.77;9.2;18.46;7.200000000000001;2.2;15.8;14.580000000000002;242.66;124.75;2.0043431053203045;1.7155266015200872;1.1676154332700823;2.5603328710124824;3.0152008686210645;56
47;105;28.8;2.8;64.4;33.519999999999996;8.2;23.29;8.1;3.6;19.2;22.660000000000004;260.29;117.63;2.836784409257004;2.338611449451888;1.2123893805309733;2.871763255240444;4.082825822168088;58
46;107;29.0;3.6;69.0;40.11;9.600000000000001;22.28;7.6;2.6000000000000005;16.6;17.39;133.7;152.88;2.3184183142559833;1.7273673257023934;1.3413606261288378;2.92772667542707;4.173777315296565;61
45;108;33.800000000000004;2.4000000000000004;86.20000000000002;43.370000000000005;10.4;24.349999999999998;8.1;2.3999999999999995;21.0;18.43;273.31;125.1;2.33909702209414;2.0172910662824206;1.1589719181342215;3.0024660912453762;4.1661863592699335;63
47;109;42.4;2.4;83.6;35.120000000000005;7.8;22.840000000000003;6.200000000000001;2.1999999999999997;18.0;11.92;274.29;146.5;2.924455825864277;2.3047375160051216;1.2681843420322043;3.677938808373591;4.496798975672216;62
49;112;44.199999999999996;2.4;96.8;41.19;5.4;15.429999999999998;7.619999999999999;2.6;11.0;11.3;332.25;147.35;2.8521256931608128;2.033271719038817;1.4014532243415077;2.022280471821756;7.6136783733826245;63
48;109;40.2;2.5999999999999996;86.20000000000002;50.06;8.799999999999999;27.720000000000006;7.900000000000001;2.4000000000000004;20.6;19.949999999999996;305.52;141.53;3.146424517593645;2.3382519863791154;1.3449781659388647;3.504424778761062;5.682179341657209;61
50;107;44.79999999999999;2.2;89.0;36.989999999999995;6.2;15.15;7.5;1.8;9.8;10.82;162.26;147.63;2.4396135265700485;1.5780998389694043;1.54434250764526;2.0173102529960056;5.956521739130434;57
48;106;34.0;2.6;61.8;11.170000000000002;3.8;4.55;5.799999999999999;2.4;5.2;3.3699999999999997;116.88;119.4;1.194225721784777;1.3648293963254594;0.873320537428023;0.7831325301204821;2.931758530183728;58
49;108;29.799999999999994;2.8;60.0;24.75;7.599999999999999;12.33;7.0;2.0;15.2;9.040000000000001;124.3;121.83;1.6202365308804207;1.9973718791064392;0.8106508875739645;1.7589158345221114;3.2522996057818667;59
48;108;34.0;3.3999999999999995;73.0;31.610000000000003;6.4;9.42;6.300000000000001;2.0;11.199999999999998;6.35;250.08;108.85;1.469578783151326;1.7472698907956314;0.8403211418376452;1.4928684627575277;4.931357254290172;60
50;107;28.000000000000007;2.4;58.60000000000001;21.32;6.0;13.330000000000002;7.4;2.3999999999999995;12.2;10.15;144.92;123.95;2.2179700499168056;2.0299500831946755;1.091728091728092;1.7989203778677465;3.5474209650582362;57
49;106;34.0;2.8000000000000003;78.2;28.090000000000003;8.0;10.920000000000002;7.0;2.6;8.4;7.31;237.82;136.8;1.363295880149813;1.0486891385767791;1.2984542211652796;1.5577746077032812;3.506866416978777;57
49;108;36.4;1.8;75.0;22.35;5.6;9.45;7.099999999999999;3.2000000000000006;9.399999999999999;6.4;181.81;113.33;1.6844919786096257;1.6755793226381461;1.004250797024442;1.329113924050633;3.9839572192513377;59
50;106;36.6;2.2;69.6;22.519999999999996;6.2;13.010000000000002;5.6;2.0;13.6;7.959999999999999;167.95;127.38;2.095008051529791;2.1900161030595813;0.9559147685525351;2.319073083778967;3.6264090177133648;56
47;109;27.8;2.4;60.0;20.5;5.0;12.65;8.7;3.0;11.8;10.190000000000001;217.22;122.88;2.5249500998003995;2.3552894211576847;1.0711261642675698;1.452353616532721;4.091816367265469;62
45;109;24.0;2.4;52.8;27.660000000000004;5.799999999999999;15.760000000000002;8.3;2.8;13.2;12.090000000000002;269.04;127.6;2.712564543889846;2.2719449225473327;1.1930355791067375;1.8965102286401927;4.760757314974184;64
46;110;22.400000000000002;2.4;67.00000000000001;33.28;8.0;22.84;8.0;3.0;19.6;18.560000000000002;212.58;139.18;2.8514357053682895;2.446941323345818;1.1647118816930135;2.8514357053682895;4.154806491885144;64
50;110;28.6;2.8;87.0;49.2;8.0;22.450000000000003;8.1;2.8;16.0;17.450000000000003;135.93;123.68;2.802746566791511;1.9975031210986267;1.4022485946283574;2.7681874229346493;6.142322097378278;60
45;105;38.4;3.6;85.0;32.769999999999996;5.8;12.120000000000001;8.2;2.6;10.4;8.54;153.48;130.68;2.08605851979346;1.7900172117039588;1.1642651296829971;1.4762484774665046;5.640275387263339;60
47;106;23.800000000000004;2.4;69.2;53.220000000000006;10.2;21.419999999999998;6.6;2.2;16.6;16.180000000000003;131.28;96.4;2.0979431929480903;1.6258570029382962;1.2895845875978322;3.2405446293494706;5.212536728697357;59
47;107;24.200000000000003;1.8750600000000002;61.8;17.21;5.2;9.25;6.8;2.6;9.6;7.280000000000001;329.64;95.9;1.7754318618042226;1.8426103646833012;0.9625390218522373;1.3582966226138034;3.3032629558541267;60
48;108;22.4;2.0;64.4;22.729999999999997;8.4;14.77;6.6;2.4;18.4;13.530000000000001;228.57;102.85;1.7562425683709868;2.1878715814506537;0.8022813688212928;2.2344931921331317;2.702734839476813;60
48;106;27.6;2.3999999999999995;64.8;23.979999999999997;6.6;24.57;7.5;2.8;14.4;10.65;177.48;139.3;3.7170953101361577;2.1785173978819974;1.7050659264399723;3.271637816245007;3.6278366111951588;58
45;105;31.4;2.0;71.2;27.830000000000002;5.0;18.28;9.2;3.7999999999999994;13.2;14.539999999999997;216.72;129.3;3.6487025948103797;2.6347305389221556;1.3838001514004543;1.9847991313789362;5.554890219560879;60
48;108;35.0;2.5999999999999996;71.4;22.92;7.6;8.86;5.9;2.8000000000000003;7.6;17.09;236.48;133.2;1.164257555847569;0.9986859395532195;1.164257555847569;1.4991539763113366;3.0118265440210252;60
50;106;37.2;3.0;70.0;20.67;6.2;7.43;6.3999999999999995;2.4000000000000004;7.4;5.1899999999999995;275.86;154.23;1.1964573268921095;1.1916264090177133;1.0026990553306343;1.1591263650546022;3.3285024154589373;56
45;107;31.6;2.6;73.0;34.269999999999996;8.2;22.89;8.2;3.2;19.6;18.09;245.06;119.75;2.788063337393423;2.3873325213154692;1.1672616012238652;2.788063337393423;4.174177831912302;62
45;105;29.4;2.6;87.4;43.39;13.4;25.589999999999996;6.4;2.4000000000000004;22.6;19.189999999999998;185.98;116.7;1.9082774049217;1.6853094705443699;1.131800088456435;3.992199687987519;3.2356450410141684;60
49;112;29.6;2.4;67.6;19.580000000000002;4.6;11.75;7.5;2.4;9.0;9.43;308.76;126.6;2.5488069414316707;1.9522776572668115;1.3041065482796892;1.5645805592543276;4.247288503253797;63
50;112;33.4;2.8;74.8;23.21;7.2;10.17;7.1;2.4;7.4;5.88;191.9;130.48;1.4105409153952844;1.0263522884882108;1.3724696356275303;1.4303797468354431;3.2191400832177535;62
50;110;22.2;2.8000000000000003;75.0;44.42;8.0;21.67;8.2;2.6;15.0;15.400000000000002;283.12;122.85;2.7053682896379527;1.8726591760299627;1.4437041972018656;2.639464068209501;5.545568039950063;60
49;109;25.8;2.4000000000000004;64.0;31.03;6.0;18.25;9.3;2.8;14.6;13.15;281.39;134.48;3.0366056572379367;2.4292845257903495;1.2491444216290213;1.9602577873254563;5.163061564059901;60
50;106;30.4;2.4000000000000004;74.8;30.939999999999998;8.2;14.52;6.0;2.2;15.800000000000002;10.71;182.62;159.25;1.7685749086479905;1.92448233861145;0.9184060721062617;2.415973377703827;3.7685749086479903;56
49;106;27.600000000000005;2.4;74.6;27.8;7.0;16.23;7.0;2.4;13.2;12.419999999999998;184.26;118.03;2.3152639087018545;1.8830242510699;1.2286146858440576;2.3152639087018545;3.965763195435093;57
50;106;31.2;3.0;76.2;34.35;9.600000000000001;18.72;8.0;2.4;17.0;12.66;154.94;129.78;1.9479708636836626;1.768990634755463;1.1005291005291005;2.337078651685393;3.574401664932362;56
50;106;30.6;2.0;72.4;19.959999999999997;4.8;6.480000000000001;7.9;1.6745100000000002;9.4;7.99;209.32;118.53;1.3471933471933475;1.9542619542619546;0.6886291179596176;0.8192161820480406;4.149688149688149;56
50;106;29.6;2.3999999999999995;67.19999999999999;16.330000000000002;4.800000000000001;9.17;6.5;2.4;8.0;6.790000000000001;159.68;148.73;1.9064449064449063;1.663201663201663;1.1448189762796506;1.4086021505376345;3.395010395010395;56
47;105;31.6;3.2;78.0;34.28;7.0;15.419999999999998;6.7;2.5999999999999996;12.799999999999999;12.08;288.72;113.78;2.1997146932952925;1.8259629101283879;1.2037470725995316;2.29806259314456;4.890156918687589;58
49;106;26.0;2.6000000000000005;72.4;26.439999999999998;6.4;15.679999999999998;7.5;3.0;12.8;12.95;306.73;146.38;2.446177847113884;1.9968798751950079;1.2240437158469943;2.087882822902796;4.124804992199688;57
50;104;31.2;2.2;77.0;30.99;6.800000000000002;12.88;7.2;2.4000000000000004;10.6;9.970000000000002;106.16;139.33;1.8913362701908956;1.556534508076358;1.2139491046182849;1.7864077669902914;4.550660792951541;54
49;106;35.4;2.4;73.6;29.340000000000003;6.8;19.15;8.3;3.6;18.8;15.160000000000002;101.0;112.42;2.8120411160058736;2.76064610866373;1.0180754917597021;2.3044524669073403;4.3083700440528645;57
45;107;37.2;2.4;73.4;26.570000000000004;9.2;14.059999999999999;6.3;2.6;17.0;11.77;145.53;95.41;1.5266015200868621;1.8458197611292075;0.8265726043503819;2.2282091917591123;2.8849077090119444;62
45;105;36.4;1.8531599999999997;72.0;27.919999999999998;6.199999999999999;11.790000000000001;7.4;2.1999999999999997;11.0;9.350000000000001;171.36;97.7;1.8985507246376816;1.77133655394525;1.0708446866485015;1.591093117408907;4.49597423510467;60
48;106;36.4;2.6;60.6;33.25;4.2;11.8;6.7;2.2;8.8;10.9;98.61;105.1;2.802850356294537;2.090261282660333;1.3393870601589104;1.7585692995529063;7.897862232779097;58
50;110;36.8;2.6;69.4;29.5;7.0;18.09;7.9;3.4;15.800000000000002;14.45;101.04;102.74;2.580599144079886;2.2539229671897294;1.144212523719165;2.2869785082174463;4.20827389443652;60
50;106;31.4;2.8000000000000003;71.0;37.02;8.8;22.11;7.7;2.4000000000000004;16.6;19.630000000000003;194.07;110.87;2.5096481271282634;1.88422247446084;1.3311258278145692;2.867704280155642;4.202043132803633;56
49;106;32.2;2.4;66.2;30.1;5.8;16.390000000000004;8.100000000000001;3.4;12.6;12.99;146.45;116.8;2.820998278829605;2.1686746987951806;1.299762093576527;2.020961775585697;5.1807228915662655;57
49;106;31.0;2.4;60.6;22.77;3.8;9.55;6.4;2.2;6.8;7.970000000000001;202.62;116.58;2.5065616797900265;1.7847769028871392;1.4023494860499268;1.4898595943837754;5.976377952755906;57
45;106;41.6;3.2;75.80000000000001;18.46;3.8;8.69;6.4;2.8;8.4;6.8;210.26;125.6;2.2808398950131235;2.2047244094488194;1.033293697978597;1.3556942277691106;4.845144356955381;61
50;105;32.0;3.0;60.0;22.73;7.599999999999999;14.11;6.9;2.8000000000000003;14.599999999999998;11.579999999999998;114.98;120.65;1.854139290407359;1.9185282522996059;0.9657768651608488;2.0419681620839363;2.986859395532195;55
45;106;41.0;2.4000000000000004;64.4;28.03;6.2;12.010000000000002;8.06;3.0;12.2;9.299999999999999;212.08;114.85;1.9339774557165865;1.9645732689210949;0.9836199836199838;1.4882280049566297;4.513687600644123;61
46;110;34.4;1.8737100000000002;55.8;13.319999999999999;3.8;7.630000000000001;6.300000000000001;3.0;7.4;6.790000000000001;226.21;120.4;2.002624671916011;1.9422572178477693;1.0296896086369771;1.2091917591125199;3.4960629921259843;64
48;109;30.400000000000006;2.2;62.4;50.39;6.6;17.85;7.0;3.2;15.0;14.839999999999998;301.54;118.62;2.700453857791226;2.2692889561270806;1.189207195203198;2.546362339514979;7.6232980332829055;61
46;105;32.2;2.6;68.4;25.65;6.2;17.14;8.3;2.8;13.2;13.59;219.96;98.76;2.7600644122383255;2.1256038647342996;1.2975018925056776;2.062575210589651;4.130434782608695;59
47;106;35.39999999999999;2.2;73.4;24.14;6.2;14.349999999999998;8.0;3.0;10.8;10.969999999999999;304.81;156.43;2.3107890499194843;1.7391304347826089;1.3274745605920442;1.7915106117353305;3.887278582930757;59
49;105;36.0;2.2;58.8;14.589999999999998;2.5999999999999996;6.32;6.3;2.4;5.6;4.47;196.13;129.15;2.4214559386973185;2.145593869731801;1.126559714795009;1.001584786053883;5.590038314176246;56
50;110;29.2;2.2;76.0;18.69;5.6;8.95;6.4;2.0;8.2;6.380000000000001;347.54;123.95;1.5953654188948307;1.4616755793226381;1.0901339829476249;1.3962558502340092;3.331550802139038;60
50;105;28.799999999999994;2.8000000000000003;62.6;25.159999999999997;9.600000000000001;15.719999999999999;5.9;2.8000000000000003;20.4;13.12;386.7;99.35;1.6357960457856395;2.122788761706555;0.7702106810387065;2.65989847715736;2.6181061394380847;55
49;109;35.0;2.4000000000000004;67.4;24.49;5.8;13.870000000000001;7.3;2.8000000000000003;10.400000000000002;10.41;170.37;149.45;2.3872633390705684;1.7900172117039592;1.3323727185398653;1.8974008207934339;4.215146299483649;60
47;104;23.6;1.83182;63.2;19.970000000000002;6.4;10.809999999999999;5.699999999999999;2.4;13.4;8.319999999999999;220.32;124.58;1.6864274570982838;2.090483619344774;0.8061148396718866;1.893169877408056;3.1154446177847115;57
46;110;22.0;2.5999999999999996;55.40000000000001;32.81;6.4;15.829999999999998;8.1;2.7999999999999994;16.2;12.559999999999999;256.33;103.98;2.469578783151326;2.5273010920436816;0.9765576804441701;1.9519112207151663;5.118564742589704;64
48;108;23.4;2.2;60.2;23.770000000000003;7.8;16.78;7.82;2.4;17.0;13.84;515.45;117.23;2.148527528809219;2.176696542893726;0.9864785420340976;2.1430395913154534;3.0435339308578753;60
46;112;25.8;2.2;84.0;29.95;8.8;16.65;6.3;2.6;21.4;13.309999999999999;430.02;98.98;1.8898978433598181;2.4290578887627694;0.7776739841195702;2.6386687797147386;3.3995459704880813;66
47;111;45.2;2.0000000000000004;92.6;26.190000000000005;7.0;13.61;6.5;3.2;12.799999999999999;10.58;405.98;121.33;1.9415121255349501;1.8259629101283879;1.0624512099921937;2.0906298003072195;3.736091298145507;64
51;112;41.0;2.2;91.0;39.379999999999995;6.8;20.229999999999997;9.9;3.599999999999999;15.799999999999997;15.899999999999997;172.47;129.65;2.9706314243759175;2.320117474302496;1.2795698924731183;2.041372351160444;5.782672540381792;61
50;111;26.799999999999994;3.2000000000000006;90.80000000000001;59.4;9.600000000000001;30.490000000000002;8.3;1.81325;16.6;20.139999999999997;188.5;146.43;3.172736732570239;1.7273673257023934;1.8356411800120407;3.6690734055354994;6.181061394380852;61
50;111;26.8;2.5;68.0;41.43;7.0;29.629999999999995;9.2;2.6;15.699999999999998;17.42;187.62;97.47;4.22681883024251;2.239657631954351;1.8860598345003183;3.2171552660152005;5.910128388017118;61
45;106;32.4;2.6999999999999997;72.8;44.620000000000005;7.2;18.849999999999998;6.0;2.3;13.2;12.079999999999998;189.32;123.41;2.614424410540915;1.8307905686546462;1.4269492808478426;3.136439267886855;6.18862690707351;61
47;107;29.6;3.3999999999999995;73.6;30.23;6.0;20.64;7.0;2.5;16.4;11.5;215.64;102.44;3.4342762063227954;2.7287853577371046;1.2577696526508226;2.944365192582026;5.0299500831946755;60
48;109;33.2;3.0;74.19999999999999;28.409999999999997;8.600000000000001;19.47;9.0;2.4000000000000004;14.8;13.41;133.22;98.23;2.261324041811846;1.7189314750290359;1.314652261985145;2.160932297447281;3.29965156794425;61
45;106;32.6;1.9999999999999996;70.4;64.23;6.8;21.5;6.9;2.6000000000000005;12.8;15.529999999999998;280.42;111.42;3.15712187958884;1.879588839941263;1.6783762685402028;3.1114327062228653;9.43171806167401;61
50;109;30.6;2.2;68.19999999999999;41.2;5.8;24.630000000000003;7.5;3.4;17.6;20.72;265.44;96.24;4.239242685025818;3.029259896729777;1.3986371379897784;3.2796271637816248;7.0912220309810685;59
51;110;36.6;3.1000000000000005;74.0;30.410000000000004;4.0;37.0;7.7;3.599999999999999;20.119999999999997;25.630000000000003;216.33;112.0;9.226932668329178;5.017456359102244;1.8380526577247889;4.7989623865110245;7.583541147132171;59
51;111;24.0;2.8000000000000003;75.39999999999999;37.519999999999996;7.4;19.709999999999997;7.5;3.0;14.2;14.74;79.42;106.62;2.6599190283400804;1.9163292847503373;1.387051372273047;2.624500665778961;5.0634278002699045;60
50;109;30.2;2.4000000000000004;79.0;25.43;5.799999999999999;18.89;8.2;2.3;11.900000000000002;16.41;130.22;141.18;3.2512908777969027;2.048192771084338;1.5860621326616287;2.300852618757613;4.376936316695354;59
48;107;34.4;2.5;72.6;28.22;7.8;19.65;7.3;2.6;12.400000000000002;10.64;88.42;118.46;2.5160051216389245;1.5877080665813064;1.5834004834810633;2.688098495212038;3.613316261203585;59
46;106;38.2;2.6;74.4;22.74;6.200000000000001;18.28;7.299999999999999;2.8000000000000003;13.599999999999998;13.8;90.62;142.49;2.943639291465378;2.190016103059581;1.3431300514327704;2.5006839945280444;3.66183574879227;60
50;111;33.400000000000006;1.8189199999999999;76.0;28.419999999999998;5.200000000000001;15.220000000000002;7.399999999999999;2.5999999999999996;10.0;9.52;75.97;108.61;2.9213051823416505;1.9193857965451053;1.5204795204795207;2.0539811066126865;5.454894433781189;61
51;112;31.400000000000006;2.4;68.6;24.869999999999994;6.2;19.740000000000002;7.7;2.3999999999999995;18.0;11.850000000000001;122.33;122.39;3.1787439613526574;2.898550724637681;1.096057745696835;2.560311284046693;4.004830917874395;61
52;111;30.8;2.2;70.4;29.740000000000002;7.0;20.83;6.900000000000001;3.4;16.6;15.440000000000001;164.72;96.24;2.971469329529244;2.3680456490727533;1.2540638169777238;3.0144717800289427;4.242510699001427;59
50;110;34.4;2.4000000000000004;74.0;26.07;7.8;19.98;6.699999999999998;3.4;13.600000000000003;14.229999999999999;80.47;130.54;2.558258642765685;1.7413572343149812;1.4680382072005875;2.9776453055141587;3.3380281690140845;60
48;108;26.8;2.8;66.79999999999998;29.25;9.2;18.77;6.4;2.8;12.400000000000002;13.620000000000001;134.41;142.21;2.03800217155266;1.3463626492942458;1.5124899274778403;2.9282371294851792;3.1758957654723132;60
49;109;25.4;3.4;68.0;26.82;7.4;18.54;6.299999999999999;3.4;10.4;11.5;76.21;98.41;2.5020242914979756;1.4035087719298245;1.780979827089337;2.938193343898574;3.619433198380567;60
50;110;31.2;3.8;63.4;28.53;6.800000000000002;16.36;6.32;2.9000000000000004;11.6;10.49;90.45;99.49;2.402349486049926;1.7033773861967691;1.409130060292851;2.584518167456556;4.189427312775329;60
48;109;34.8;2.6;74.80000000000001;22.41;6.3999999999999995;15.539999999999997;7.8;3.2;8.36;9.79;231.22;88.6;2.424336973478939;1.3042121684867396;1.8566308243727596;1.9897567221510881;3.4960998439937603;61
51;110;22.6;3.0;66.2;32.81;7.800000000000002;19.5;7.0;2.8000000000000003;13.600000000000003;7.9399999999999995;189.32;101.42;2.4967989756722146;1.7413572343149808;1.4327700220426154;2.7817403708987163;4.201024327784891;59
49;109;26.8;2.6;76.4;22.169999999999998;8.2;16.4;6.6;3.0;12.3;10.819999999999999;112.74;127.65;1.9975639464068211;1.498172959805116;1.332250203086921;2.481089258698941;2.700365408038977;60
50;112;25.199999999999996;2.5;68.6;24.349999999999998;6.8;18.86;7.300000000000002;2.7;11.4;9.629999999999999;100.33;88.41;2.7694566813509547;1.6740088105726874;1.6529360210341806;2.580027359781121;3.575624082232012;62
51;111;29.8;2.2;64.4;25.409999999999997;5.8;17.22;6.7;2.5;13.0;10.399999999999999;142.92;103.44;2.963855421686747;2.2375215146299485;1.323597232897771;2.5663189269746645;4.373493975903614;60
49;109;30.799999999999994;2.3;67.6;19.65;7.6;19.21;6.3999999999999995;2.7;17.6;14.14;76.41;115.7;2.5243101182654404;2.312746386333772;1.0908574673480975;2.9968798751950083;2.5821287779237845;60
48;106;28.8;2.6000000000000005;66.2;22.42;6.199999999999999;12.260000000000002;8.4;3.0;11.2;10.430000000000001;152.25;87.74;1.9742351046698878;1.8035426731078907;1.0936663693131135;1.4577883472057076;3.610305958132046;58
48;108;30.8;3.3999999999999995;62.0;18.740000000000002;5.75;15.309999999999999;7.5;2.4;14.0;10.419999999999998;231.42;99.42;2.657986111111111;2.430555555555556;1.092790863668808;2.0386151797603196;3.2534722222222228;60
49;107;27.2;3.2999999999999994;61.4;28.439999999999998;8.400000000000002;17.580000000000002;6.199999999999999;2.6;13.12;9.61;112.42;133.25;2.0903686087990483;1.5600475624256833;1.3389185072353391;2.830917874396136;3.3816884661117705;58
50;106;26.0;3.2;66.8;37.32;6.8;18.82;7.9;2.5;18.32;13.2;254.23;141.62;2.763582966226138;2.6901615271659325;1.0267321331151118;2.379266750948167;5.4801762114537445;56
48;105;29.0;2.4;67.20000000000002;35.47;6.6;19.200000000000003;7.6;2.6;15.4;14.4;198.32;132.41;2.9046898638426635;2.329803328290469;1.2459441920830632;2.52299605781866;5.366111951588502;57
49;106;32.2;2.7;75.00000000000001;39.65;6.200000000000001;21.42;6.2;2.8000000000000003;12.299999999999999;15.84;152.12;117.41;3.4492753623188404;1.980676328502415;1.740048740861089;3.449275362318841;6.384863123993558;57
